[{"model": "contenttypes.contenttype", "pk": 1, "fields": {"app_label": "corsheaders", "model": "corsmodel"}}, {"model": "contenttypes.contenttype", "pk": 2, "fields": {"app_label": "admin", "model": "logentry"}}, {"model": "contenttypes.contenttype", "pk": 3, "fields": {"app_label": "auth", "model": "permission"}}, {"model": "contenttypes.contenttype", "pk": 4, "fields": {"app_label": "auth", "model": "group"}}, {"model": "contenttypes.contenttype", "pk": 5, "fields": {"app_label": "auth", "model": "user"}}, {"model": "contenttypes.contenttype", "pk": 6, "fields": {"app_label": "contenttypes", "model": "contenttype"}}, {"model": "contenttypes.contenttype", "pk": 7, "fields": {"app_label": "sessions", "model": "session"}}, {"model": "contenttypes.contenttype", "pk": 8, "fields": {"app_label": "conference_rooms_reservations", "model": "room"}}, {"model": "contenttypes.contenttype", "pk": 9, "fields": {"app_label": "conference_rooms_reservations", "model": "reservation"}}, {"model": "contenttypes.contenttype", "pk": 10, "fields": {"app_label": "contact_box", "model": "person"}}, {"model": "contenttypes.contenttype", "pk": 11, "fields": {"app_label": "contact_box", "model": "address"}}, {"model": "contenttypes.contenttype", "pk": 12, "fields": {"app_label": "contact_box", "model": "phonenumber"}}, {"model": "contenttypes.contenttype", "pk": 13, "fields": {"app_label": "contact_box", "model": "email"}}, {"model": "contenttypes.contenttype", "pk": 14, "fields": {"app_label": "contact_box", "model": "group"}}, {"model": "sessions.session", "pk": "9hs96vhpoqd1gj8369nnbbqp2g8e83uc", "fields": {"session_data": "ZWE1MmExMGM3YTAwN2NhMjlkY2UwNmY0YTRiYjRlNDAzMTRlODZlZDp7Il9hdXRoX3VzZXJfaWQiOiIxIiwiX2F1dGhfdXNlcl9iYWNrZW5kIjoiZGphbmdvLmNvbnRyaWIuYXV0aC5iYWNrZW5kcy5Nb2RlbEJhY2tlbmQiLCJfYXV0aF91c2VyX2hhc2giOiJjZDRjNmQ0ZWI3NTgzOGQ1MzhmYWY3OTIxMTNmZmQzZmFjMjY3ZWY1In0=", "expire_date": "2019-05-09T09:51:16.410Z"}}, {"model": "conference_rooms_reservations.room", "pk": 1, "fields": {"name": "WhiteSmoke", "capacity": 57, "projector": true}}, {"model": "conference_rooms_reservations.room", "pk": 2, "fields": {"name": "NavajoWhite", "capacity": 43, "projector": true}}, {"model": "conference_rooms_reservations.room", "pk": 3, "fields": {"name": "LightSkyBlue", "capacity": 11, "projector": true}}, {"model": "conference_rooms_reservations.room", "pk": 4, "fields": {"name": "Fuchsia", "capacity": 100, "projector": true}}, {"model": "conference_rooms_reservations.room", "pk": 5, "fields": {"name": "Silver", "capacity": 94, "projector": false}}, {"model": "conference_rooms_reservations.room", "pk": 6, "fields": {"name": "SlateBlue", "capacity": 83, "projector": false}}, {"model": "conference_rooms_reservations.room", "pk": 7, "fields": {"name": "Cyan", "capacity": 1, "projector": false}}, {"model": "conference_rooms_reservations.room", "pk": 9, "fields": {"name": "SeaGreen", "capacity": 13, "projector": false}}, {"model": "conference_rooms_reservations.room", "pk": 10, "fields": {"name": "Bisque", "capacity": 38, "projector": false}}, {"model": "conference_rooms_reservations.room", "pk": 11, "fields": {"name": "Black", "capacity": 93, "projector": true}}, {"model": "conference_rooms_reservations.room", "pk": 13, "fields": {"name": "SpringGreen", "capacity": 26, "projector": false}}, {"model": "conference_rooms_reservations.room", "pk": 14, "fields": {"name": "DarkOrchid", "capacity": 11, "projector": true}}, {"model": "conference_rooms_reservations.room", "pk": 15, "fields": {"name": "Cornsilk", "capacity": 50, "projector": false}}, {"model": "conference_rooms_reservations.room", "pk": 16, "fields": {"name": "Tomato", "capacity": 68, "projector": false}}, {"model": "conference_rooms_reservations.room", "pk": 17, "fields": {"name": "CadetBlue", "capacity": 43, "projector": false}}, {"model": "conference_rooms_reservations.room", "pk": 18, "fields": {"name": "DarkViolet", "capacity": 34, "projector": false}}, {"model": "conference_rooms_reservations.room", "pk": 19, "fields": {"name": "PaleGreen", "capacity": 54, "projector": false}}, {"model": "conference_rooms_reservations.room", "pk": 20, "fields": {"name": "RosyBrown", "capacity": 61, "projector": true}}, {"model": "conference_rooms_reservations.reservation", "pk": 1, "fields": {"date": "2019-05-11", "comment": "Public require win side design. Exist statement oil turn force evening husband.", "room": 19}}, {"model": "conference_rooms_reservations.reservation", "pk": 2, "fields": {"date": "2019-04-27", "comment": "Section decision law guess ten heavy. Fish guy since only purpose. Industry say another six. Share staff impact some participant.", "room": 19}}, {"model": "conference_rooms_reservations.reservation", "pk": 3, "fields": {"date": "2019-05-12", "comment": "Save ground industry region. More six mission rate. Difference professor sound since some.\nBegin structure else season. Fact method about purpose eight. Three among time alone.", "room": 3}}, {"model": "conference_rooms_reservations.reservation", "pk": 4, "fields": {"date": "2019-05-01", "comment": "Hold think professional writer already prove evidence. Among order base system catch.", "room": 16}}, {"model": "conference_rooms_reservations.reservation", "pk": 5, "fields": {"date": "2019-04-25", "comment": "Magazine goal ability young nothing. Foot recognize watch sense official. Simple create thus on behavior drop thank food.", "room": 1}}, {"model": "conference_rooms_reservations.reservation", "pk": 6, "fields": {"date": "2019-05-24", "comment": "Still increase customer push follow notice picture offer. There respond defense century. Near per eat social clearly outside.\nMr trade hundred crime.", "room": 3}}, {"model": "conference_rooms_reservations.reservation", "pk": 7, "fields": {"date": "2019-05-12", "comment": "Administration bit sure product father call. Until stand little wish next.\nTechnology guess important another center everybody. Difference possible star and management lose.", "room": 14}}, {"model": "conference_rooms_reservations.reservation", "pk": 8, "fields": {"date": "2019-05-06", "comment": "Nice agency management act spend various suggest point. Region morning daughter herself before require enjoy.", "room": 11}}, {"model": "conference_rooms_reservations.reservation", "pk": 9, "fields": {"date": "2019-05-16", "comment": "View machine wrong suffer job official win.\nCertainly laugh dark. Kind will white.\nEye shoulder two candidate dream. Wide method design the.\nBusiness them whatever knowledge key.", "room": 3}}, {"model": "conference_rooms_reservations.reservation", "pk": 10, "fields": {"date": "2019-04-30", "comment": "Cost day current by meeting religious physical first. Usually key which game day less political.\nTwo itself even it record. Matter wife order we.", "room": 1}}, {"model": "conference_rooms_reservations.reservation", "pk": 11, "fields": {"date": "2019-05-12", "comment": "Else close the thing election. Seek us ten.\nHusband ask allow treatment care difficult. Find necessary year crime.", "room": 19}}, {"model": "conference_rooms_reservations.reservation", "pk": 12, "fields": {"date": "2019-05-23", "comment": "Rate cost situation outside choice as.\nBefore television laugh less finish. It agency home. Pay education resource hand town. Once someone member size doctor turn machine.", "room": 7}}, {"model": "conference_rooms_reservations.reservation", "pk": 13, "fields": {"date": "2019-05-07", "comment": "Return until local herself image sister. Financial so drive present maintain write model.", "room": 11}}, {"model": "conference_rooms_reservations.reservation", "pk": 14, "fields": {"date": "2019-04-29", "comment": "Decide me low which up nothing should many. Study Congress out research.\nBe stage fine moment outside want music. Stay something race production model face. Education else expect.", "room": 4}}, {"model": "conference_rooms_reservations.reservation", "pk": 15, "fields": {"date": "2019-05-24", "comment": "Three candidate choose investment continue experience sound. Fight military owner catch help will. Wife before sport stop.\nAfter investment paper.", "room": 5}}, {"model": "conference_rooms_reservations.reservation", "pk": 16, "fields": {"date": "2019-05-22", "comment": "Thousand material read set quickly end. While popular industry value term thank base. Relationship between then around appear door student.", "room": 3}}, {"model": "conference_rooms_reservations.reservation", "pk": 17, "fields": {"date": "2019-04-27", "comment": "Final race value include book cost college. Lawyer manage participant.\nPeace share by federal step happy character. Couple whole after. Individual anything quite player current cup assume.", "room": 19}}, {"model": "conference_rooms_reservations.reservation", "pk": 18, "fields": {"date": "2019-04-26", "comment": "Bit early reach ago. World affect computer eight hour. Hundred fire data church shake.\nSome generation whether race remain. Continue play party town. Traditional why first project probably measure.", "room": 6}}, {"model": "conference_rooms_reservations.reservation", "pk": 19, "fields": {"date": "2019-05-07", "comment": "General again personal simple but from Congress. Head answer painting political pressure difference get. Data president word statement environment hospital test.", "room": 9}}, {"model": "conference_rooms_reservations.reservation", "pk": 20, "fields": {"date": "2019-05-23", "comment": "Answer effort soldier across. Network power too eat again. Image hope role imagine follow maybe standard deal.", "room": 6}}, {"model": "conference_rooms_reservations.reservation", "pk": 21, "fields": {"date": "2019-05-09", "comment": "Blood easy little them company baby well. Bring account center center join. Five likely cost soon or let point easy.", "room": 19}}, {"model": "conference_rooms_reservations.reservation", "pk": 22, "fields": {"date": "2019-05-10", "comment": "Media foot arrive. Water beat goal social person near. Free provide budget move best.\nWhere manage system.\nEnough yet free claim. Almost conference drop however movie reduce almost.", "room": 2}}, {"model": "conference_rooms_reservations.reservation", "pk": 23, "fields": {"date": "2019-05-15", "comment": "Oil mission remember fine. Treat whose various particularly effort.\nTop top must girl by. Offer understand not big performance.\nCold tend fall society fact media. Article picture wind feeling.", "room": 18}}, {"model": "conference_rooms_reservations.reservation", "pk": 24, "fields": {"date": "2019-05-13", "comment": "Statement tonight born account exist police high.\nShould lead far stay. Ten single pattern compare. Rock poor mean community red.", "room": 7}}, {"model": "conference_rooms_reservations.reservation", "pk": 25, "fields": {"date": "2019-04-30", "comment": "Study artist notice you. Agency president night. During law toward get line change.\nWorker husband model buy attorney lawyer price common. Again word thought remain fund. Student edge avoid art.", "room": 10}}, {"model": "conference_rooms_reservations.reservation", "pk": 26, "fields": {"date": "2019-05-11", "comment": "Word federal town carry develop. Blood bag our become. Friend war win cover himself point chair represent. Professor situation hour interest life story dark process.", "room": 14}}, {"model": "conference_rooms_reservations.reservation", "pk": 27, "fields": {"date": "2019-04-30", "comment": "Oil explain plant factor occur. Change account face attorney any American. Popular news firm understand list attention day.", "room": 9}}, {"model": "conference_rooms_reservations.reservation", "pk": 28, "fields": {"date": "2019-05-10", "comment": "Money major feeling let project order. Us sit perhaps physical business.\nAlthough ago man maintain. Read although rate study. Join us try mention cause nearly water.", "room": 17}}, {"model": "conference_rooms_reservations.reservation", "pk": 29, "fields": {"date": "2019-04-25", "comment": "Instead similar note fill Congress. Sit professional often peace less traditional. Course easy family. Current idea worry all worker all.", "room": 11}}, {"model": "conference_rooms_reservations.reservation", "pk": 30, "fields": {"date": "2019-05-04", "comment": "Phone question meet seem. Daughter current west foot street drop close trial.\nNorth local his official. Summer enough test large then. Civil identify would happen discussion.", "room": 7}}, {"model": "conference_rooms_reservations.reservation", "pk": 31, "fields": {"date": "2019-05-23", "comment": "Remain pressure piece any increase raise. Player deep discover similar news heart everyone. Drive south reflect.\nHot cell get factor. Job energy part else other however.", "room": 11}}, {"model": "conference_rooms_reservations.reservation", "pk": 32, "fields": {"date": "2019-05-10", "comment": "Police now affect customer well born. Season gas they management evening culture section six. Skin ready this dark.\nState specific Mrs tax site. West fall under.", "room": 1}}, {"model": "conference_rooms_reservations.reservation", "pk": 33, "fields": {"date": "2019-05-21", "comment": "Fact but end prevent himself dark. Trial movie race risk.\nAbove should and he answer. Sea peace a pretty picture attention rock.", "room": 7}}, {"model": "conference_rooms_reservations.reservation", "pk": 34, "fields": {"date": "2019-05-04", "comment": "Item whom song clearly possible service change. Could clearly contain radio fight on. Culture them under small fear.\nUs skin woman bed. Project east believe side fire PM ask.", "room": 11}}, {"model": "conference_rooms_reservations.reservation", "pk": 35, "fields": {"date": "2019-05-04", "comment": "Camera somebody best cause lose trade industry above. Customer over security none. Beat picture discussion show message human. Theory dark nation final billion well.", "room": 16}}, {"model": "conference_rooms_reservations.reservation", "pk": 36, "fields": {"date": "2019-05-03", "comment": "Woman region be campaign author sing.\nCarry station smile finally memory. Marriage fast would reality section while class.\nConference ready key west could. Reduce war discover teach recent.", "room": 16}}, {"model": "conference_rooms_reservations.reservation", "pk": 37, "fields": {"date": "2019-05-05", "comment": "Discuss or each middle. Indicate memory he truth say.\nComputer never industry improve break.\nKitchen keep issue. Artist opportunity type. Claim two south just clear.", "room": 14}}, {"model": "conference_rooms_reservations.reservation", "pk": 38, "fields": {"date": "2019-04-29", "comment": "Current understand ahead fine participant PM candidate. Poor lawyer loss culture one high lose.", "room": 5}}, {"model": "conference_rooms_reservations.reservation", "pk": 39, "fields": {"date": "2019-05-01", "comment": "Middle space former letter great side. Several at American enjoy. Another spring beat prepare interest room no.\nTeach sense least wife high provide inside. Must tend western truth glass paper seven.", "room": 3}}, {"model": "conference_rooms_reservations.reservation", "pk": 40, "fields": {"date": "2019-05-10", "comment": "Tell world show once save writer. Those vote spend.\nNumber card without spring company read. Market huge themselves out factor put.\nTalk least number attorney. Themselves total word couple.", "room": 11}}, {"model": "conference_rooms_reservations.reservation", "pk": 41, "fields": {"date": "2019-05-03", "comment": "Save well audience available mind identify color. Although direction up by order hotel. Seven ten best three director with.", "room": 9}}, {"model": "conference_rooms_reservations.reservation", "pk": 42, "fields": {"date": "2019-05-09", "comment": "Manage think head this. Half significant case party.\nDescribe son risk. Blue shoulder worry start.", "room": 11}}, {"model": "conference_rooms_reservations.reservation", "pk": 43, "fields": {"date": "2019-05-05", "comment": "Mean indicate matter ahead. Left hard recently former fine run Congress.", "room": 10}}, {"model": "conference_rooms_reservations.reservation", "pk": 44, "fields": {"date": "2019-05-21", "comment": "Our generation culture ability what. Cut his professional student list beautiful bed. More order specific paper forward serious.", "room": 7}}, {"model": "conference_rooms_reservations.reservation", "pk": 45, "fields": {"date": "2019-05-19", "comment": "Name food Congress easy great style oil. Action fast same stand.\nDetermine pattern including believe lay night there fight. Popular five onto evidence over leave we.", "room": 2}}, {"model": "conference_rooms_reservations.reservation", "pk": 46, "fields": {"date": "2019-05-01", "comment": "Receive actually hospital mean. Role media offer sense sit. Article least sure. Business however they ask visit.\nLess but save their. Instead up start write lay half ever. Certainly my do letter.", "room": 11}}, {"model": "conference_rooms_reservations.reservation", "pk": 47, "fields": {"date": "2019-05-16", "comment": "Individual election travel. According become member institution four former. Myself beyond ask model.", "room": 9}}, {"model": "conference_rooms_reservations.reservation", "pk": 48, "fields": {"date": "2019-05-18", "comment": "Fight easy mission five read Mrs key. Night reduce north six. Hot full toward her friend.", "room": 19}}, {"model": "conference_rooms_reservations.reservation", "pk": 49, "fields": {"date": "2019-05-02", "comment": "Spend yet lay myself worker. Senior player policy line present. Face follow cost draw look current over.", "room": 1}}, {"model": "conference_rooms_reservations.reservation", "pk": 50, "fields": {"date": "2019-05-03", "comment": "Race western art know trip any both. Sound create sea through kind discussion.\nMeet seat develop reason business practice. Lot voice once into left mother low. Often board number strategy now good.", "room": 19}}, {"model": "conference_rooms_reservations.reservation", "pk": 51, "fields": {"date": "2019-05-17", "comment": "Though spring significant wide. News heavy worry mean.\nArtist foreign sort husband drug activity. Stock almost fear girl remember mean they.", "room": 6}}, {"model": "conference_rooms_reservations.reservation", "pk": 52, "fields": {"date": "2019-05-22", "comment": "Alone red quality. Should civil knowledge popular world. Establish agency this response.", "room": 4}}, {"model": "conference_rooms_reservations.reservation", "pk": 53, "fields": {"date": "2019-05-01", "comment": "Movement station set late compare he. Finish all western if window.", "room": 9}}, {"model": "conference_rooms_reservations.reservation", "pk": 54, "fields": {"date": "2019-05-22", "comment": "At would no shake. Improve nice politics state concern professional once.\nReally large face reach radio. Score former whose close. Toward goal fine seat.", "room": 16}}, {"model": "conference_rooms_reservations.reservation", "pk": 55, "fields": {"date": "2019-05-02", "comment": "First try top we coach. Step physical cover care argue whom. Whether each teacher box standard my exactly.\nEnter nor new white onto can.", "room": 4}}, {"model": "conference_rooms_reservations.reservation", "pk": 56, "fields": {"date": "2019-05-01", "comment": "Dog campaign laugh fight.\nBring future past drive sit look. Move reach suddenly necessary these. Camera Congress trouble indeed leg.", "room": 11}}, {"model": "conference_rooms_reservations.reservation", "pk": 57, "fields": {"date": "2019-04-27", "comment": "Stop anyone church fill.\nDaughter each fine their movement exist cup. Attorney summer fine minute responsibility human. Top condition listen per true history avoid.", "room": 10}}, {"model": "conference_rooms_reservations.reservation", "pk": 58, "fields": {"date": "2019-05-20", "comment": "Issue according former two of. Drug get truth budget increase fall class.\nReach drop experience it care. Above most anything better. Everyone discuss at why laugh shake.", "room": 9}}, {"model": "conference_rooms_reservations.reservation", "pk": 59, "fields": {"date": "2019-05-15", "comment": "Happy democratic and know size wide real. Others tonight sing company.", "room": 5}}, {"model": "conference_rooms_reservations.reservation", "pk": 60, "fields": {"date": "2019-05-20", "comment": "Computer head one point response himself. Economy future human. Animal boy significant owner trip five PM position. Describe think marriage sort health.", "room": 3}}, {"model": "conference_rooms_reservations.reservation", "pk": 61, "fields": {"date": "2019-05-11", "comment": "Tonight bring beyond second. Good bad rich fly education interest.\nGlass treatment point this top edge.\nMajority arrive time.\nEverything unit face remember. Yes nearly cost finally news.", "room": 7}}, {"model": "conference_rooms_reservations.reservation", "pk": 62, "fields": {"date": "2019-04-29", "comment": "Same quality today hit week idea. Research market medical. Professor at what sometimes decade involve foreign impact.", "room": 20}}, {"model": "conference_rooms_reservations.reservation", "pk": 63, "fields": {"date": "2019-05-24", "comment": "Early argue pattern visit even. Simple child yet tree responsibility they.\nMeeting budget old off war.", "room": 19}}, {"model": "conference_rooms_reservations.reservation", "pk": 64, "fields": {"date": "2019-05-03", "comment": "Pick specific drive open hundred beat pass crime. Item bed especially some national consumer remain. Play already grow present. Experience speech should trip box myself.", "room": 18}}, {"model": "conference_rooms_reservations.reservation", "pk": 65, "fields": {"date": "2019-05-18", "comment": "Let until positive physical general building control camera. Raise training health along. Finish ever trade almost up. Knowledge win rich message wide language smile.", "room": 19}}, {"model": "conference_rooms_reservations.reservation", "pk": 66, "fields": {"date": "2019-04-27", "comment": "Somebody play low fish once voice smile. Meeting citizen important great that century police.", "room": 2}}, {"model": "conference_rooms_reservations.reservation", "pk": 67, "fields": {"date": "2019-04-30", "comment": "Appear performance energy western show past daughter. Tonight build watch century turn pretty situation.", "room": 13}}, {"model": "conference_rooms_reservations.reservation", "pk": 68, "fields": {"date": "2019-04-28", "comment": "Quite pay rule career pretty unit. Lawyer his arm election argue. Work true number still college back any.\nJob design seem company spend above.", "room": 1}}, {"model": "conference_rooms_reservations.reservation", "pk": 69, "fields": {"date": "2019-05-20", "comment": "Street leader prove just party red article. Growth thousand agent popular outside line see. Along attack everybody town down total. Look much laugh listen kind whole build enough.", "room": 5}}, {"model": "conference_rooms_reservations.reservation", "pk": 70, "fields": {"date": "2019-05-11", "comment": "Cup operation debate have or nearly present.\nWhether last line bed. Effort play believe picture clear. Daughter specific among style position. Economy fear hold size.", "room": 15}}, {"model": "conference_rooms_reservations.reservation", "pk": 71, "fields": {"date": "2019-04-27", "comment": "Play travel treatment possible tend green doctor. Increase by quite trip store relationship. Wear player their performance.\nHealth prevent network box parent maintain tax. Eight consider born safe.", "room": 17}}, {"model": "conference_rooms_reservations.reservation", "pk": 72, "fields": {"date": "2019-05-11", "comment": "Organization option remain sing director sea success. Better air wide goal. Accept again over force poor exist.", "room": 3}}, {"model": "conference_rooms_reservations.reservation", "pk": 73, "fields": {"date": "2019-05-06", "comment": "Down last fall line. Paper soon machine whom sense money any either.", "room": 14}}, {"model": "conference_rooms_reservations.reservation", "pk": 74, "fields": {"date": "2019-05-22", "comment": "Offer industry the ask president glass. Reveal minute wonder tonight idea red.", "room": 11}}, {"model": "conference_rooms_reservations.reservation", "pk": 75, "fields": {"date": "2019-05-04", "comment": "Full hear national see piece. Manager real low. House major start order whether force summer.", "room": 4}}, {"model": "conference_rooms_reservations.reservation", "pk": 76, "fields": {"date": "2019-05-13", "comment": "Prevent treat skin similar. Structure center remember while whether throw. Particular local today rather.\nSuggest radio determine figure.", "room": 9}}, {"model": "conference_rooms_reservations.reservation", "pk": 77, "fields": {"date": "2019-05-23", "comment": "Approach throw arm building final. Of large goal various law general would. Meeting if democratic strong side part us.", "room": 14}}, {"model": "conference_rooms_reservations.reservation", "pk": 78, "fields": {"date": "2019-05-06", "comment": "Television poor last administration much adult. At decision dream fact. Keep offer form movement.\nHis charge ten several trouble note. Who know explain. Cultural them western buy possible.", "room": 13}}, {"model": "conference_rooms_reservations.reservation", "pk": 79, "fields": {"date": "2019-05-06", "comment": "Behind few how maybe despite.\nPractice kid campaign city list. Deal student reason economic. Defense ability baby activity draw government.\nCharacter thank back man game new. Plan skin near.", "room": 15}}, {"model": "conference_rooms_reservations.reservation", "pk": 80, "fields": {"date": "2019-05-14", "comment": "Everyone continue seek finally. High so let goal about. Official relationship prevent commercial nearly. Condition throw hundred institution strong system than.", "room": 17}}, {"model": "conference_rooms_reservations.reservation", "pk": 81, "fields": {"date": "2019-05-08", "comment": "Memory per serious them medical. Operation together field million manager race.\nMemory weight public weight who.", "room": 10}}, {"model": "conference_rooms_reservations.reservation", "pk": 82, "fields": {"date": "2019-05-22", "comment": "Impact those only. Item later hand half.\nCertainly quality yes eight prevent. Contain million heavy who level stock summer.\nTheir movie at offer morning than wrong high.", "room": 20}}, {"model": "conference_rooms_reservations.reservation", "pk": 83, "fields": {"date": "2019-04-26", "comment": "Develop perhaps moment meeting.\nRelate yourself ever administration federal. Question there win husband economic. Rather daughter few once around can.", "room": 4}}, {"model": "conference_rooms_reservations.reservation", "pk": 84, "fields": {"date": "2019-05-22", "comment": "But wait identify. Present outside blood those.\nWoman continue prepare still protect future culture. Lay suffer can season.\nEye sign mention future the speak successful.", "room": 10}}, {"model": "conference_rooms_reservations.reservation", "pk": 85, "fields": {"date": "2019-05-15", "comment": "Agent stand above partner. System star question.\nPositive cost meet usually. Act role address list.", "room": 15}}, {"model": "conference_rooms_reservations.reservation", "pk": 86, "fields": {"date": "2019-05-14", "comment": "Suggest green dog every church they. Approach fine customer suffer. Choose charge phone business less pretty.\nHalf military manage food begin serve. Effort marriage usually view party lay first.", "room": 6}}, {"model": "conference_rooms_reservations.reservation", "pk": 87, "fields": {"date": "2019-05-09", "comment": "Building the mind media she customer box. Let course something authority.\nAvoid process brother body station sport one. State too prepare check skin.", "room": 19}}, {"model": "conference_rooms_reservations.reservation", "pk": 88, "fields": {"date": "2019-05-09", "comment": "Million let better future current. Environment instead across report poor unit produce. Dinner general sell scientist need whether.", "room": 10}}, {"model": "conference_rooms_reservations.reservation", "pk": 89, "fields": {"date": "2019-05-04", "comment": "Kitchen society model into culture. When grow parent gas foreign. Positive drive wide Mr newspaper ask.\nGet article throw feeling these mention. Environmental marriage sometimes someone cup.", "room": 1}}, {"model": "conference_rooms_reservations.reservation", "pk": 90, "fields": {"date": "2019-05-20", "comment": "Performance might foreign board others car. Customer reveal loss officer property. Book tell career idea likely above month.", "room": 9}}, {"model": "conference_rooms_reservations.reservation", "pk": 91, "fields": {"date": "2019-05-07", "comment": "Might leg her involve tough finish foot.\nAnother according strong company. Me worker against show month thus.", "room": 9}}, {"model": "conference_rooms_reservations.reservation", "pk": 92, "fields": {"date": "2019-05-06", "comment": "Decide according fear part part. Catch cost position to huge. Direction word western up.\nEach body safe outside despite hour himself. Suggest recently school manage answer group someone.", "room": 16}}, {"model": "conference_rooms_reservations.reservation", "pk": 93, "fields": {"date": "2019-04-28", "comment": "Later what protect increase church health. Admit environmental buy sure significant. Authority reason environmental value forward network attention.", "room": 15}}, {"model": "conference_rooms_reservations.reservation", "pk": 94, "fields": {"date": "2019-05-15", "comment": "System little sure some.\nIt add travel hundred send. Situation since involve during eight.", "room": 16}}, {"model": "conference_rooms_reservations.reservation", "pk": 95, "fields": {"date": "2019-05-01", "comment": "Good also whom available. Tell artist lawyer above tax most sister.\nEvent probably about represent hope. Knowledge in project much.", "room": 5}}, {"model": "conference_rooms_reservations.reservation", "pk": 96, "fields": {"date": "2019-05-19", "comment": "Professional impact head cut why whatever. Again act your defense performance team. Would writer kind build above morning of.\nToday between play blood worry power. Financial will financial week.", "room": 14}}, {"model": "conference_rooms_reservations.reservation", "pk": 97, "fields": {"date": "2019-04-30", "comment": "Believe upon article billion significant computer image. Collection discuss point sound. Role create real.", "room": 5}}, {"model": "conference_rooms_reservations.reservation", "pk": 98, "fields": {"date": "2019-05-17", "comment": "Your customer beyond more early side. Gun new before.\nGlass cause decision item peace near. Prove maybe expert month.", "room": 5}}, {"model": "conference_rooms_reservations.reservation", "pk": 99, "fields": {"date": "2019-04-26", "comment": "Black future culture area television pass. Even year any ago finish realize. Participant sell group onto energy imagine president possible.", "room": 13}}, {"model": "conference_rooms_reservations.reservation", "pk": 100, "fields": {"date": "2019-04-29", "comment": "Blood kid both yet buy. Miss fish young American.\nIf wait draw style possible. Degree rock push daughter memory research join.", "room": 13}}, {"model": "conference_rooms_reservations.reservation", "pk": 101, "fields": {"date": "2019-05-23", "comment": "Hospital address woman job. Two chance head different according reality seven. Sea deep society push option region.", "room": 2}}, {"model": "conference_rooms_reservations.reservation", "pk": 102, "fields": {"date": "2019-05-23", "comment": "Left pull country easy quality. Marriage citizen I receive member across will. Require on building save imagine fine billion.", "room": 5}}, {"model": "conference_rooms_reservations.reservation", "pk": 103, "fields": {"date": "2019-05-07", "comment": "Meet reduce follow produce carry east generation. Three memory stay sound relationship miss price. Today simple third price matter again.", "room": 13}}, {"model": "conference_rooms_reservations.reservation", "pk": 104, "fields": {"date": "2019-05-02", "comment": "Development apply president summer. Industry check again like family miss. Fill then back.\nGovernment page allow large we.", "room": 17}}, {"model": "conference_rooms_reservations.reservation", "pk": 105, "fields": {"date": "2019-04-28", "comment": "West plan important imagine might. Do alone federal nearly individual national case authority.\nEvery none finally attorney. School office consumer charge want. Partner better feel not whole.", "room": 10}}, {"model": "conference_rooms_reservations.reservation", "pk": 106, "fields": {"date": "2019-05-10", "comment": "Majority beautiful yeah computer first question long. Field difficult arrive memory.\nGroup science other government nature table might. Relate pretty four conference born family common member.", "room": 16}}, {"model": "conference_rooms_reservations.reservation", "pk": 107, "fields": {"date": "2019-05-06", "comment": "Life cell everyone reality.\nTry end anything score. Protect significant sister actually religious thing more. Win apply wish other there there.", "room": 14}}, {"model": "conference_rooms_reservations.reservation", "pk": 108, "fields": {"date": "2019-05-02", "comment": "On free different hear keep Republican. Party campaign great factor real message. Big other talk before animal. Believe thing score building result.", "room": 19}}, {"model": "conference_rooms_reservations.reservation", "pk": 109, "fields": {"date": "2019-05-21", "comment": "List she strategy him. Information tax role become generation yet deep.\nAgent agent partner weight. Poor season serve entire.", "room": 3}}, {"model": "conference_rooms_reservations.reservation", "pk": 110, "fields": {"date": "2019-05-17", "comment": "Skin memory discussion provide radio. If lose need low support.\nEconomy later realize he high.", "room": 6}}, {"model": "conference_rooms_reservations.reservation", "pk": 111, "fields": {"date": "2019-04-25", "comment": "Many action thought five. Everybody career second by stop again.\nLine oil contain necessary item do western. Drive develop seven daughter fly fall.", "room": 4}}, {"model": "conference_rooms_reservations.reservation", "pk": 112, "fields": {"date": "2019-04-27", "comment": "Every Congress design chance range. Look wide black sometimes writer real maintain. Carry crime main middle.\nBit skin manage three recent away. Can daughter toward job interview they.", "room": 17}}, {"model": "conference_rooms_reservations.reservation", "pk": 113, "fields": {"date": "2019-04-28", "comment": "Site week set hotel group play research. Leave staff discussion big movement degree our. Could speech they practice know news treatment.", "room": 17}}, {"model": "conference_rooms_reservations.reservation", "pk": 114, "fields": {"date": "2019-05-11", "comment": "See camera certainly system especially require. Whom view class specific right maybe. Southern detail stand right.\nWar and top sort south. Those item today professor prepare official.", "room": 9}}, {"model": "conference_rooms_reservations.reservation", "pk": 115, "fields": {"date": "2019-05-10", "comment": "Study expect ball health plan. Support system dark affect hospital action. East accept both involve fine final.", "room": 19}}, {"model": "conference_rooms_reservations.reservation", "pk": 116, "fields": {"date": "2019-05-04", "comment": "Threat yeah follow former. Sister example first style future tend young nice.\nSafe east want value everybody impact challenge. Maintain believe him owner want.", "room": 7}}, {"model": "conference_rooms_reservations.reservation", "pk": 117, "fields": {"date": "2019-04-26", "comment": "Be five site leg trade man city thus. Consider right especially mouth place travel.", "room": 18}}, {"model": "conference_rooms_reservations.reservation", "pk": 118, "fields": {"date": "2019-05-12", "comment": "Happy really successful language. Another him opportunity buy throw officer run. Exactly over board thought daughter public everything box.", "room": 4}}, {"model": "conference_rooms_reservations.reservation", "pk": 119, "fields": {"date": "2019-05-23", "comment": "Western level mother worry statement. Into strong name industry production. Day because walk eat tax since him list.", "room": 10}}, {"model": "conference_rooms_reservations.reservation", "pk": 120, "fields": {"date": "2019-04-26", "comment": "Want letter protect. Meet strong grow somebody add general.\nCareer benefit drive even have short quickly. Scene notice entire kind rise theory memory wife.", "room": 13}}, {"model": "conference_rooms_reservations.reservation", "pk": 121, "fields": {"date": "2019-05-23", "comment": "Notice member woman quite. Growth form a kind need capital. Truth ok someone quality position.", "room": 7}}, {"model": "conference_rooms_reservations.reservation", "pk": 122, "fields": {"date": "2019-05-10", "comment": "Nation white himself eat in start. Former claim whatever reality soldier build agency general.", "room": 7}}, {"model": "conference_rooms_reservations.reservation", "pk": 123, "fields": {"date": "2019-05-16", "comment": "Sort decide entire available time team difference. College case station three drug play professional. Newspaper then feel cause million moment born.", "room": 10}}, {"model": "conference_rooms_reservations.reservation", "pk": 124, "fields": {"date": "2019-05-19", "comment": "Issue to agent skin national region. Group rate a Mrs challenge four.\nControl all our onto fast rise speak. Matter newspaper between out attention early crime.", "room": 5}}, {"model": "conference_rooms_reservations.reservation", "pk": 125, "fields": {"date": "2019-05-15", "comment": "Sign game issue choose dark. Politics too family. Sit chair father result station chance.", "room": 6}}, {"model": "conference_rooms_reservations.reservation", "pk": 126, "fields": {"date": "2019-05-04", "comment": "Common person may international everything responsibility conference only. Policy item move receive. Seven they wind experience finally. Law even remember successful.", "room": 17}}, {"model": "conference_rooms_reservations.reservation", "pk": 127, "fields": {"date": "2019-05-09", "comment": "Development natural several perhaps. Wife account tend cold house read administration.\nAnything similar above radio. About state interesting oil defense.", "room": 3}}, {"model": "conference_rooms_reservations.reservation", "pk": 128, "fields": {"date": "2019-04-26", "comment": "Central last Democrat mother. Notice summer unit or never.", "room": 7}}, {"model": "conference_rooms_reservations.reservation", "pk": 129, "fields": {"date": "2019-05-13", "comment": "Indeed serve discuss job short. Watch material really price.\nRoad traditional community side. Serve list suddenly American interesting. Notice blue light run ten.", "room": 18}}, {"model": "conference_rooms_reservations.reservation", "pk": 130, "fields": {"date": "2019-05-10", "comment": "Realize word agreement will speak woman central. Share hard low.\nIncluding base shake school clear keep in. Under rock dream carry.\nName alone see. Feel blood second nature.", "room": 6}}, {"model": "conference_rooms_reservations.reservation", "pk": 131, "fields": {"date": "2019-05-05", "comment": "She ball place note. Travel person against letter.", "room": 15}}, {"model": "conference_rooms_reservations.reservation", "pk": 132, "fields": {"date": "2019-05-24", "comment": "Growth two military attorney understand never red. Interesting past form might stuff person general.", "room": 16}}, {"model": "conference_rooms_reservations.reservation", "pk": 133, "fields": {"date": "2019-05-03", "comment": "Score mention main agent ago. Level administration strategy phone ready especially.", "room": 14}}, {"model": "conference_rooms_reservations.reservation", "pk": 134, "fields": {"date": "2019-04-27", "comment": "Join girl specific protect yard group. Movie impact explain answer plant city others. Wish late book political third degree.", "room": 5}}, {"model": "conference_rooms_reservations.reservation", "pk": 135, "fields": {"date": "2019-05-17", "comment": "Six future court use century responsibility old. Morning husband feel.\nToo everyone store test director manager. Education central people common.", "room": 16}}, {"model": "conference_rooms_reservations.reservation", "pk": 136, "fields": {"date": "2019-05-13", "comment": "Already seat whose always within. Poor Mr appear born Mr.\nThan debate happy turn time newspaper lot. Sure top check real discussion nothing lot. Win entire fly own figure campaign.", "room": 6}}, {"model": "conference_rooms_reservations.reservation", "pk": 137, "fields": {"date": "2019-05-19", "comment": "Dark interest music which. Financial choice heavy beat now stop use. Challenge affect daughter amount at crime two.", "room": 19}}, {"model": "conference_rooms_reservations.reservation", "pk": 138, "fields": {"date": "2019-05-19", "comment": "Same reveal including bank rather. Rate business major capital history road.", "room": 13}}, {"model": "conference_rooms_reservations.reservation", "pk": 139, "fields": {"date": "2019-05-10", "comment": "Vote happy believe stay budget.\nLike international group bit sense fund. Finally character I guess himself small.", "room": 13}}, {"model": "conference_rooms_reservations.reservation", "pk": 140, "fields": {"date": "2019-05-05", "comment": "See site enter ball son best. Ready none range especially work body. Seven radio whom marriage throw.\nLook girl serious music perhaps point week. Behavior increase not. Beat free will model heart.", "room": 4}}, {"model": "conference_rooms_reservations.reservation", "pk": 141, "fields": {"date": "2019-05-16", "comment": "Tend type direction subject.\nSmall commercial weight present. Air push reality easy likely choose.", "room": 2}}, {"model": "conference_rooms_reservations.reservation", "pk": 142, "fields": {"date": "2019-04-26", "comment": "Push program blood group question. Site itself company though.\nWatch agency popular. Rest home we although pretty she boy. Fill six cut exactly analysis lead.", "room": 17}}, {"model": "conference_rooms_reservations.reservation", "pk": 143, "fields": {"date": "2019-05-02", "comment": "Down show painting message himself entire within. Work then magazine order tough occur.\nLand always together production attorney. Open benefit discuss major. Rule art not blood.", "room": 7}}, {"model": "conference_rooms_reservations.reservation", "pk": 144, "fields": {"date": "2019-05-23", "comment": "Night under future glass friend offer season. Enough expert control can leave wife.", "room": 17}}, {"model": "conference_rooms_reservations.reservation", "pk": 145, "fields": {"date": "2019-05-11", "comment": "Change win rate network. Democrat deep win evidence.\nOf onto represent letter direction court call or. Especially have pull seem address create nor.", "room": 20}}, {"model": "conference_rooms_reservations.reservation", "pk": 146, "fields": {"date": "2019-04-29", "comment": "Measure glass contain position. In line hold box past need.\nReach administration occur. They Congress serious maybe cover add not easy. Dark network trial common.", "room": 11}}, {"model": "conference_rooms_reservations.reservation", "pk": 147, "fields": {"date": "2019-05-06", "comment": "Particular yourself now realize camera. Direction or whatever whatever field free. Responsibility present of just sure.", "room": 6}}, {"model": "conference_rooms_reservations.reservation", "pk": 148, "fields": {"date": "2019-05-03", "comment": "From sign small system whether poor small. Year appear under cultural company safe. Off probably gun evidence success open.", "room": 2}}, {"model": "conference_rooms_reservations.reservation", "pk": 149, "fields": {"date": "2019-05-17", "comment": "Lawyer various add look professional boy. Clear late sit because. Level brother process fund hold.", "room": 5}}, {"model": "conference_rooms_reservations.reservation", "pk": 150, "fields": {"date": "2019-04-29", "comment": "Allow begin newspaper more turn work. Boy bed again serious.\nWord media treat option night. Make write safe structure deep stand.\nAlone wait today position wonder.", "room": 4}}, {"model": "contact_box.person", "pk": 1, "fields": {"name": "Carla", "last_name": "Walters", "description": "Recent reduce sell house garden play animal. Child building nice reduce.\nTop stage movie. Party this himself ready once beyond.", "address": 28}}, {"model": "contact_box.person", "pk": 2, "fields": {"name": "Christian", "last_name": "Moran", "description": "Garden must find treatment skill responsibility speak. Pattern young top build debate.\nLoss owner system participant truth single none lose. Individual career boy air see.", "address": 8}}, {"model": "contact_box.person", "pk": 3, "fields": {"name": "Dalton", "last_name": "Mata", "description": "Century close kind front use ball father mother. According color able.", "address": 13}}, {"model": "contact_box.person", "pk": 4, "fields": {"name": "Dustin", "last_name": "Yu", "description": "Camera cup notice forward some of. Care father social listen professional baby.\nSuffer rule age break result. Rule across fall.\nRise nor garden for if response. Wear should apply.", "address": 13}}, {"model": "contact_box.person", "pk": 5, "fields": {"name": "Cody", "last_name": "Russo", "description": "First official and rate. Method get you science idea lot health. Hope many create work. Society board kind impact end find.\nWithin speak might. Oil ask the. Ahead less wife discussion.", "address": 1}}, {"model": "contact_box.person", "pk": 6, "fields": {"name": "Robert", "last_name": "Cook", "description": "Billion detail few real age benefit member. Management ok man price.\nNumber one key discuss and special. Audience special enjoy red and.\nSpend last free beat. Beat later just. Office occur your hit.", "address": 14}}, {"model": "contact_box.person", "pk": 7, "fields": {"name": "Justin", "last_name": "Massey", "description": "Land civil deep. Process positive set doctor method early.\nFinancial everybody police public form several receive. Authority range free old report teacher return information.", "address": 13}}, {"model": "contact_box.person", "pk": 8, "fields": {"name": "Joel", "last_name": "Hernandez", "description": "Series measure newspaper write prove model usually. While why rule method general everyone budget.\nMachine oil manager effect cover system. Soon all couple clear dinner suddenly.", "address": 5}}, {"model": "contact_box.person", "pk": 9, "fields": {"name": "Matthew", "last_name": "Anderson", "description": "Product example build national. Become administration democratic ground cause.\nSafe huge smile air.\nMatter run most. Over type help like technology bed. Yard small sound receive table least image.", "address": 29}}, {"model": "contact_box.person", "pk": 10, "fields": {"name": "Erica", "last_name": "Schroeder", "description": "Southern assume property visit attack the police sometimes. Cut back current respond. Ready forget third provide debate safe chance.\nTell table phone throw. Water hope safe.", "address": 30}}, {"model": "contact_box.person", "pk": 11, "fields": {"name": "Stephanie", "last_name": "Ramos", "description": "Degree large sort. Discover share be medical man agree pass adult. Difference nature prove card left consumer accept.", "address": 12}}, {"model": "contact_box.person", "pk": 12, "fields": {"name": "Alexandra", "last_name": "Davis", "description": "Just road word military cup final. State create want relate other thousand. Natural left evidence certain common base health.", "address": 7}}, {"model": "contact_box.person", "pk": 13, "fields": {"name": "Alexis", "last_name": "Macdonald", "description": "Western close physical upon the.\nPerhaps region after front network national. Administration hot benefit star.\nThese serious decide ask.\nWater job despite gas audience.", "address": 28}}, {"model": "contact_box.person", "pk": 14, "fields": {"name": "Charles", "last_name": "Taylor", "description": "City by rest TV. Guess discuss relate last program.\nNow leg turn focus actually. Continue kid quickly card mean network floor.", "address": 22}}, {"model": "contact_box.person", "pk": 15, "fields": {"name": "Todd", "last_name": "Rice", "description": "Meeting race always send hear thing entire crime. Some future police education sense.\nOffer shake me interesting get around than. Down develop write.", "address": 30}}, {"model": "contact_box.person", "pk": 16, "fields": {"name": "Elizabeth", "last_name": "Hall", "description": "First ask possible budget theory. Her become western under account director discussion.\nIndicate ago no must clear account north. Character happy probably economic could defense like.", "address": 26}}, {"model": "contact_box.person", "pk": 17, "fields": {"name": "William", "last_name": "Taylor", "description": "Medical magazine team. Hour occur cause day camera development morning.\nNecessary mother fire floor. Hit writer why million who offer.", "address": 15}}, {"model": "contact_box.person", "pk": 18, "fields": {"name": "James", "last_name": "Morgan", "description": "Month natural set hard outside make because. Recent discover feel decision writer. Career side local.", "address": 10}}, {"model": "contact_box.person", "pk": 19, "fields": {"name": "David", "last_name": "Aguilar", "description": "Character could hour think quality whom sing may. Stage design task more industry writer send.\nChild president attorney trouble. Treat nature all black maintain would.", "address": 3}}, {"model": "contact_box.person", "pk": 20, "fields": {"name": "Donna", "last_name": "Clark", "description": "Store near word author. Necessary audience around where.\nCapital keep occur rich vote particularly billion. Community hair suggest reality American mother. Important director push bring recent.", "address": 14}}, {"model": "contact_box.person", "pk": 21, "fields": {"name": "Melissa", "last_name": "Rose", "description": "Point short agency forget money. Tv significant store north heart.\nNews control executive charge term travel. Avoid Republican turn heart. Strong remember break charge their future my.", "address": 24}}, {"model": "contact_box.person", "pk": 22, "fields": {"name": "Jacqueline", "last_name": "Paul", "description": "Coach dark beat community. Reflect because arm lose. Democratic gas also account shoulder soon require. Total visit should without.\nDevelopment cover central. Sort moment away early budget.", "address": 26}}, {"model": "contact_box.person", "pk": 23, "fields": {"name": "Christopher", "last_name": "Thompson", "description": "Computer list agency rise interest strategy. Structure bank offer might response test pull. Character wind change picture word develop north.", "address": 19}}, {"model": "contact_box.person", "pk": 24, "fields": {"name": "Steven", "last_name": "White", "description": "Family specific manage firm dog responsibility player. Woman hear election fly will. Develop address life consider agreement chair.", "address": 16}}, {"model": "contact_box.person", "pk": 25, "fields": {"name": "David", "last_name": "Henry", "description": "First somebody open finally policy. Leave Mr finally between be serve fly. Show adult during give leave.", "address": 17}}, {"model": "contact_box.person", "pk": 26, "fields": {"name": "Eric", "last_name": "Cardenas", "description": "Show whom try. History less wrong result three throughout customer.\nNone type various cause.\nMaterial ready both. Individual present series able keep drop suggest gas.", "address": 7}}, {"model": "contact_box.person", "pk": 27, "fields": {"name": "Robert", "last_name": "Oliver", "description": "Seat fact election adult everything. Size field result time. Campaign myself any idea together be Mr. Finish away medical them mention anything not.", "address": 5}}, {"model": "contact_box.person", "pk": 28, "fields": {"name": "Katherine", "last_name": "Nelson", "description": "Own wish draw research no. Local politics budget develop. Last apply shake live own.\nEconomic across buy whether. Reality believe line public they before.", "address": 15}}, {"model": "contact_box.person", "pk": 29, "fields": {"name": "Vanessa", "last_name": "Hines", "description": "Treatment trouble own think respond another. His soon goal recognize inside crime former coach. Surface condition whole. They fear better air page responsibility life.\nSuggest for share reveal.", "address": 3}}, {"model": "contact_box.person", "pk": 30, "fields": {"name": "Kirsten", "last_name": "Carson", "description": "Million Republican participant wait seek. Whole college herself almost. Play opportunity affect likely region likely.\nHit anyone guy. Research hand health region director determine.", "address": 4}}, {"model": "contact_box.address", "pk": 1, "fields": {"city": "Palmerborough", "street": "Timothy Brook", "home_number": 506, "flat_number": 73}}, {"model": "contact_box.address", "pk": 2, "fields": {"city": "Lake Andrew", "street": "Williams Turnpike", "home_number": 742, "flat_number": 45}}, {"model": "contact_box.address", "pk": 3, "fields": {"city": "Port Brianstad", "street": "Rebecca Place", "home_number": 609, "flat_number": 14}}, {"model": "contact_box.address", "pk": 4, "fields": {"city": "Tylerchester", "street": "Barbara Highway", "home_number": 880, "flat_number": 30}}, {"model": "contact_box.address", "pk": 5, "fields": {"city": "Davidberg", "street": "Amy Harbors", "home_number": 675, "flat_number": 19}}, {"model": "contact_box.address", "pk": 6, "fields": {"city": "Samanthaland", "street": "West Mall", "home_number": 665, "flat_number": 24}}, {"model": "contact_box.address", "pk": 7, "fields": {"city": "Port Andrew", "street": "Jessica Underpass", "home_number": 863, "flat_number": 49}}, {"model": "contact_box.address", "pk": 8, "fields": {"city": "Mahoneystad", "street": "Joseph Drives", "home_number": 993, "flat_number": 63}}, {"model": "contact_box.address", "pk": 9, "fields": {"city": "New Barbaratown", "street": "Russell Expressway", "home_number": 972, "flat_number": 97}}, {"model": "contact_box.address", "pk": 10, "fields": {"city": "Port Angelashire", "street": "Monroe Route", "home_number": 150, "flat_number": 35}}, {"model": "contact_box.address", "pk": 11, "fields": {"city": "South Franciscotown", "street": "Brown Light", "home_number": 992, "flat_number": 38}}, {"model": "contact_box.address", "pk": 12, "fields": {"city": "Harrisonport", "street": "Blake Court", "home_number": 746, "flat_number": 43}}, {"model": "contact_box.address", "pk": 13, "fields": {"city": "Brianport", "street": "Eric Trail", "home_number": 508, "flat_number": 99}}, {"model": "contact_box.address", "pk": 14, "fields": {"city": "Port Charles", "street": "Joshua Field", "home_number": 796, "flat_number": 29}}, {"model": "contact_box.address", "pk": 15, "fields": {"city": "Spencemouth", "street": "Smith Villages", "home_number": 506, "flat_number": 96}}, {"model": "contact_box.address", "pk": 16, "fields": {"city": "North Patrickmouth", "street": "Stone Plains", "home_number": 178, "flat_number": 6}}, {"model": "contact_box.address", "pk": 17, "fields": {"city": "Lake Courtney", "street": "Kylie Flats", "home_number": 839, "flat_number": 44}}, {"model": "contact_box.address", "pk": 18, "fields": {"city": "East Benjamin", "street": "Richard Wall", "home_number": 406, "flat_number": 38}}, {"model": "contact_box.address", "pk": 19, "fields": {"city": "Jamiestad", "street": "Cross Highway", "home_number": 147, "flat_number": 6}}, {"model": "contact_box.address", "pk": 20, "fields": {"city": "Walkerbury", "street": "Carter Passage", "home_number": 178, "flat_number": 50}}, {"model": "contact_box.address", "pk": 21, "fields": {"city": "Knoxtown", "street": "Joseph Mountain", "home_number": 207, "flat_number": 13}}, {"model": "contact_box.address", "pk": 22, "fields": {"city": "Angelahaven", "street": "Rebecca Glen", "home_number": 535, "flat_number": 98}}, {"model": "contact_box.address", "pk": 23, "fields": {"city": "Sherryborough", "street": "Charles Greens", "home_number": 188, "flat_number": 47}}, {"model": "contact_box.address", "pk": 24, "fields": {"city": "Haileyside", "street": "Mejia Centers", "home_number": 723, "flat_number": 89}}, {"model": "contact_box.address", "pk": 25, "fields": {"city": "North Sheilafurt", "street": "Karen Lodge", "home_number": 281, "flat_number": 27}}, {"model": "contact_box.address", "pk": 26, "fields": {"city": "Port Robertburgh", "street": "Gregory Burg", "home_number": 698, "flat_number": 92}}, {"model": "contact_box.address", "pk": 27, "fields": {"city": "East Leonard", "street": "Ferguson Manor", "home_number": 159, "flat_number": 1}}, {"model": "contact_box.address", "pk": 28, "fields": {"city": "East Jennifer", "street": "Michelle Islands", "home_number": 602, "flat_number": 37}}, {"model": "contact_box.address", "pk": 29, "fields": {"city": "North Curtis", "street": "Ramirez Ports", "home_number": 60, "flat_number": 92}}, {"model": "contact_box.address", "pk": 30, "fields": {"city": "Singhborough", "street": "Stephanie Ferry", "home_number": 925, "flat_number": 45}}, {"model": "contact_box.phonenumber", "pk": 1, "fields": {"person": 27, "phone_number": 8946987411218, "type": 0}}, {"model": "contact_box.phonenumber", "pk": 2, "fields": {"person": 29, "phone_number": 5688575361595, "type": 1}}, {"model": "contact_box.phonenumber", "pk": 3, "fields": {"person": 19, "phone_number": 8479660795476, "type": 0}}, {"model": "contact_box.phonenumber", "pk": 4, "fields": {"person": 29, "phone_number": 9342547288313, "type": 1}}, {"model": "contact_box.phonenumber", "pk": 5, "fields": {"person": 26, "phone_number": 6741368222505, "type": 1}}, {"model": "contact_box.phonenumber", "pk": 6, "fields": {"person": 25, "phone_number": 3905742856083, "type": 0}}, {"model": "contact_box.phonenumber", "pk": 7, "fields": {"person": 20, "phone_number": 3499864159372, "type": 0}}, {"model": "contact_box.phonenumber", "pk": 8, "fields": {"person": 18, "phone_number": 1242796480200, "type": 2}}, {"model": "contact_box.phonenumber", "pk": 9, "fields": {"person": 9, "phone_number": 1036198185103, "type": 1}}, {"model": "contact_box.phonenumber", "pk": 10, "fields": {"person": 22, "phone_number": 2636546427248, "type": 1}}, {"model": "contact_box.phonenumber", "pk": 11, "fields": {"person": 6, "phone_number": 4827146518539, "type": 0}}, {"model": "contact_box.phonenumber", "pk": 12, "fields": {"person": 22, "phone_number": 7275655355349, "type": 0}}, {"model": "contact_box.phonenumber", "pk": 13, "fields": {"person": 30, "phone_number": 5060107145273, "type": 0}}, {"model": "contact_box.phonenumber", "pk": 14, "fields": {"person": 27, "phone_number": 9472835079183, "type": 1}}, {"model": "contact_box.phonenumber", "pk": 15, "fields": {"person": 17, "phone_number": 8303597423238, "type": 2}}, {"model": "contact_box.phonenumber", "pk": 16, "fields": {"person": 21, "phone_number": 2183333784693, "type": 2}}, {"model": "contact_box.phonenumber", "pk": 17, "fields": {"person": 18, "phone_number": 4734709505215, "type": 2}}, {"model": "contact_box.phonenumber", "pk": 18, "fields": {"person": 17, "phone_number": 8458755497350, "type": 0}}, {"model": "contact_box.phonenumber", "pk": 19, "fields": {"person": 24, "phone_number": 7843998230265, "type": 2}}, {"model": "contact_box.phonenumber", "pk": 20, "fields": {"person": 5, "phone_number": 2000221049475, "type": 1}}, {"model": "contact_box.phonenumber", "pk": 21, "fields": {"person": 2, "phone_number": 4064942544874, "type": 1}}, {"model": "contact_box.phonenumber", "pk": 22, "fields": {"person": 27, "phone_number": 9462791961742, "type": 0}}, {"model": "contact_box.phonenumber", "pk": 23, "fields": {"person": 18, "phone_number": 5849815598537, "type": 1}}, {"model": "contact_box.phonenumber", "pk": 24, "fields": {"person": 15, "phone_number": 248502748249, "type": 1}}, {"model": "contact_box.phonenumber", "pk": 25, "fields": {"person": 25, "phone_number": 5477683497807, "type": 0}}, {"model": "contact_box.phonenumber", "pk": 26, "fields": {"person": 4, "phone_number": 7078690053972, "type": 0}}, {"model": "contact_box.phonenumber", "pk": 27, "fields": {"person": 28, "phone_number": 3813802150520, "type": 2}}, {"model": "contact_box.phonenumber", "pk": 28, "fields": {"person": 23, "phone_number": 572774560439, "type": 0}}, {"model": "contact_box.phonenumber", "pk": 29, "fields": {"person": 28, "phone_number": 4157359793229, "type": 1}}, {"model": "contact_box.phonenumber", "pk": 30, "fields": {"person": 3, "phone_number": 8077969299812, "type": 2}}, {"model": "contact_box.email", "pk": 1, "fields": {"person": 30, "email_address": "andrewmoore@gmail.com", "type": 1}}, {"model": "contact_box.email", "pk": 2, "fields": {"person": 5, "email_address": "ryan93@gmail.com", "type": 1}}, {"model": "contact_box.email", "pk": 3, "fields": {"person": 8, "email_address": "jeremiahwhitney@hotmail.com", "type": 1}}, {"model": "contact_box.email", "pk": 4, "fields": {"person": 15, "email_address": "andrearodriguez@cox-livingston.com", "type": 0}}, {"model": "contact_box.email", "pk": 5, "fields": {"person": 13, "email_address": "msandoval@hunt.net", "type": 0}}, {"model": "contact_box.email", "pk": 6, "fields": {"person": 21, "email_address": "yjohnson@gmail.com", "type": 0}}, {"model": "contact_box.email", "pk": 7, "fields": {"person": 26, "email_address": "woodmark@howard-spencer.com", "type": 1}}, {"model": "contact_box.email", "pk": 9, "fields": {"person": 1, "email_address": "xgriffin@hotmail.com", "type": 0}}, {"model": "contact_box.email", "pk": 10, "fields": {"person": 10, "email_address": "greenmatthew@warren.net", "type": 1}}, {"model": "contact_box.email", "pk": 11, "fields": {"person": 26, "email_address": "davisdavid@yahoo.com", "type": 0}}, {"model": "contact_box.email", "pk": 12, "fields": {"person": 27, "email_address": "michael92@gmail.com", "type": 0}}, {"model": "contact_box.email", "pk": 13, "fields": {"person": 25, "email_address": "esmith@gmail.com", "type": 0}}, {"model": "contact_box.email", "pk": 14, "fields": {"person": 17, "email_address": "williamsmichelle@gmail.com", "type": 0}}, {"model": "contact_box.email", "pk": 15, "fields": {"person": 24, "email_address": "nicholas67@beasley-king.com", "type": 0}}, {"model": "contact_box.email", "pk": 16, "fields": {"person": 20, "email_address": "jennifer97@gmail.com", "type": 0}}, {"model": "contact_box.email", "pk": 17, "fields": {"person": 28, "email_address": "kevinbrown@barnes.org", "type": 1}}, {"model": "contact_box.email", "pk": 18, "fields": {"person": 22, "email_address": "jenkinslaura@williams.com", "type": 0}}, {"model": "contact_box.email", "pk": 19, "fields": {"person": 30, "email_address": "russellrobert@rowe.net", "type": 1}}, {"model": "contact_box.email", "pk": 20, "fields": {"person": 16, "email_address": "michael20@gmail.com", "type": 1}}, {"model": "contact_box.email", "pk": 21, "fields": {"person": 28, "email_address": "gregoryroberts@yahoo.com", "type": 1}}, {"model": "contact_box.email", "pk": 22, "fields": {"person": 8, "email_address": "umiller@alvarez.info", "type": 0}}, {"model": "contact_box.email", "pk": 23, "fields": {"person": 6, "email_address": "lhenderson@hotmail.com", "type": 0}}, {"model": "contact_box.email", "pk": 24, "fields": {"person": 19, "email_address": "david21@gmail.com", "type": 0}}, {"model": "contact_box.email", "pk": 25, "fields": {"person": 29, "email_address": "mackenzie96@hotmail.com", "type": 1}}, {"model": "contact_box.email", "pk": 26, "fields": {"person": 1, "email_address": "jessica93@yahoo.com", "type": 0}}, {"model": "contact_box.email", "pk": 27, "fields": {"person": 3, "email_address": "yrocha@yahoo.com", "type": 1}}, {"model": "contact_box.email", "pk": 28, "fields": {"person": 11, "email_address": "gregoryhensley@kirby-jones.org", "type": 1}}, {"model": "contact_box.email", "pk": 29, "fields": {"person": 23, "email_address": "rchapman@reed.com", "type": 0}}, {"model": "contact_box.email", "pk": 30, "fields": {"person": 9, "email_address": "codywilliams@gmail.com", "type": 0}}, {"model": "contact_box.group", "pk": 1, "fields": {"name": "Chartreuse", "person": [10, 12, 16, 29, 3, 19, 14, 1, 2, 4, 5, 6, 7, 8, 9, 11, 13, 15, 17, 18, 20, 21, 22, 23, 24, 25, 26, 27, 28, 30]}}, {"model": "contact_box.group", "pk": 2, "fields": {"name": "MediumSlateBlue", "person": [12, 16, 3, 14, 2, 4, 5, 6, 7, 8, 9, 15, 18, 22, 24, 25, 26, 27, 28, 30, 10, 19, 1, 11, 17, 20, 21, 13, 29]}}, {"model": "contact_box.group", "pk": 3, "fields": {"name": "Navy", "person": [12, 29, 4, 21, 22, 24, 2, 6, 8, 13, 18, 23, 25, 7, 17, 11, 10, 16, 3, 19, 9, 20, 30, 1]}}, {"model": "contact_box.group", "pk": 4, "fields": {"name": "Thistle", "person": [10, 16, 19, 14, 11, 17, 24, 27, 13, 15, 21, 23, 25, 30, 9, 1, 28, 26, 2, 4]}}, {"model": "contact_box.group", "pk": 5, "fields": {"name": "DarkSeaGreen", "person": [12, 16, 29, 9, 11, 18, 22, 10, 14, 4, 5, 20, 21, 23, 19, 26, 24, 2, 6, 17]}}, {"model": "contact_box.group", "pk": 6, "fields": {"name": "Turquoise", "person": [1, 2, 4, 6, 8, 9, 18, 20, 21, 24, 25, 28, 30]}}, {"model": "contact_box.group", "pk": 7, "fields": {"name": "SaddleBrown", "person": [10, 16, 14, 5, 13, 15, 17, 18, 22, 23, 25, 28]}}, {"model": "contact_box.group", "pk": 8, "fields": {"name": "DarkOrchid", "person": [19, 4, 5, 6, 8, 20, 25, 26, 27, 28]}}, {"model": "contact_box.group", "pk": 9, "fields": {"name": "Lime", "person": [12, 14, 5, 7, 11, 15]}}, {"model": "contact_box.group", "pk": 10, "fields": {"name": "Salmon", "person": [12, 16, 7, 23, 27, 30]}}, {"model": "auth.permission", "pk": 1, "fields": {"name": "Can add cors model", "content_type": 1, "codename": "add_corsmodel"}}, {"model": "auth.permission", "pk": 2, "fields": {"name": "Can change cors model", "content_type": 1, "codename": "change_corsmodel"}}, {"model": "auth.permission", "pk": 3, "fields": {"name": "Can delete cors model", "content_type": 1, "codename": "delete_corsmodel"}}, {"model": "auth.permission", "pk": 4, "fields": {"name": "Can view cors model", "content_type": 1, "codename": "view_corsmodel"}}, {"model": "auth.permission", "pk": 5, "fields": {"name": "Can add log entry", "content_type": 2, "codename": "add_logentry"}}, {"model": "auth.permission", "pk": 6, "fields": {"name": "Can change log entry", "content_type": 2, "codename": "change_logentry"}}, {"model": "auth.permission", "pk": 7, "fields": {"name": "Can delete log entry", "content_type": 2, "codename": "delete_logentry"}}, {"model": "auth.permission", "pk": 8, "fields": {"name": "Can view log entry", "content_type": 2, "codename": "view_logentry"}}, {"model": "auth.permission", "pk": 9, "fields": {"name": "Can add permission", "content_type": 3, "codename": "add_permission"}}, {"model": "auth.permission", "pk": 10, "fields": {"name": "Can change permission", "content_type": 3, "codename": "change_permission"}}, {"model": "auth.permission", "pk": 11, "fields": {"name": "Can delete permission", "content_type": 3, "codename": "delete_permission"}}, {"model": "auth.permission", "pk": 12, "fields": {"name": "Can view permission", "content_type": 3, "codename": "view_permission"}}, {"model": "auth.permission", "pk": 13, "fields": {"name": "Can add group", "content_type": 4, "codename": "add_group"}}, {"model": "auth.permission", "pk": 14, "fields": {"name": "Can change group", "content_type": 4, "codename": "change_group"}}, {"model": "auth.permission", "pk": 15, "fields": {"name": "Can delete group", "content_type": 4, "codename": "delete_group"}}, {"model": "auth.permission", "pk": 16, "fields": {"name": "Can view group", "content_type": 4, "codename": "view_group"}}, {"model": "auth.permission", "pk": 17, "fields": {"name": "Can add user", "content_type": 5, "codename": "add_user"}}, {"model": "auth.permission", "pk": 18, "fields": {"name": "Can change user", "content_type": 5, "codename": "change_user"}}, {"model": "auth.permission", "pk": 19, "fields": {"name": "Can delete user", "content_type": 5, "codename": "delete_user"}}, {"model": "auth.permission", "pk": 20, "fields": {"name": "Can view user", "content_type": 5, "codename": "view_user"}}, {"model": "auth.permission", "pk": 21, "fields": {"name": "Can add content type", "content_type": 6, "codename": "add_contenttype"}}, {"model": "auth.permission", "pk": 22, "fields": {"name": "Can change content type", "content_type": 6, "codename": "change_contenttype"}}, {"model": "auth.permission", "pk": 23, "fields": {"name": "Can delete content type", "content_type": 6, "codename": "delete_contenttype"}}, {"model": "auth.permission", "pk": 24, "fields": {"name": "Can view content type", "content_type": 6, "codename": "view_contenttype"}}, {"model": "auth.permission", "pk": 25, "fields": {"name": "Can add session", "content_type": 7, "codename": "add_session"}}, {"model": "auth.permission", "pk": 26, "fields": {"name": "Can change session", "content_type": 7, "codename": "change_session"}}, {"model": "auth.permission", "pk": 27, "fields": {"name": "Can delete session", "content_type": 7, "codename": "delete_session"}}, {"model": "auth.permission", "pk": 28, "fields": {"name": "Can view session", "content_type": 7, "codename": "view_session"}}, {"model": "auth.permission", "pk": 29, "fields": {"name": "Can add room", "content_type": 8, "codename": "add_room"}}, {"model": "auth.permission", "pk": 30, "fields": {"name": "Can change room", "content_type": 8, "codename": "change_room"}}, {"model": "auth.permission", "pk": 31, "fields": {"name": "Can delete room", "content_type": 8, "codename": "delete_room"}}, {"model": "auth.permission", "pk": 32, "fields": {"name": "Can view room", "content_type": 8, "codename": "view_room"}}, {"model": "auth.permission", "pk": 33, "fields": {"name": "Can add reservation", "content_type": 9, "codename": "add_reservation"}}, {"model": "auth.permission", "pk": 34, "fields": {"name": "Can change reservation", "content_type": 9, "codename": "change_reservation"}}, {"model": "auth.permission", "pk": 35, "fields": {"name": "Can delete reservation", "content_type": 9, "codename": "delete_reservation"}}, {"model": "auth.permission", "pk": 36, "fields": {"name": "Can view reservation", "content_type": 9, "codename": "view_reservation"}}, {"model": "auth.permission", "pk": 37, "fields": {"name": "Can add person", "content_type": 10, "codename": "add_person"}}, {"model": "auth.permission", "pk": 38, "fields": {"name": "Can change person", "content_type": 10, "codename": "change_person"}}, {"model": "auth.permission", "pk": 39, "fields": {"name": "Can delete person", "content_type": 10, "codename": "delete_person"}}, {"model": "auth.permission", "pk": 40, "fields": {"name": "Can view person", "content_type": 10, "codename": "view_person"}}, {"model": "auth.permission", "pk": 41, "fields": {"name": "Can add address", "content_type": 11, "codename": "add_address"}}, {"model": "auth.permission", "pk": 42, "fields": {"name": "Can change address", "content_type": 11, "codename": "change_address"}}, {"model": "auth.permission", "pk": 43, "fields": {"name": "Can delete address", "content_type": 11, "codename": "delete_address"}}, {"model": "auth.permission", "pk": 44, "fields": {"name": "Can view address", "content_type": 11, "codename": "view_address"}}, {"model": "auth.permission", "pk": 45, "fields": {"name": "Can add phone number", "content_type": 12, "codename": "add_phonenumber"}}, {"model": "auth.permission", "pk": 46, "fields": {"name": "Can change phone number", "content_type": 12, "codename": "change_phonenumber"}}, {"model": "auth.permission", "pk": 47, "fields": {"name": "Can delete phone number", "content_type": 12, "codename": "delete_phonenumber"}}, {"model": "auth.permission", "pk": 48, "fields": {"name": "Can view phone number", "content_type": 12, "codename": "view_phonenumber"}}, {"model": "auth.permission", "pk": 49, "fields": {"name": "Can add email", "content_type": 13, "codename": "add_email"}}, {"model": "auth.permission", "pk": 50, "fields": {"name": "Can change email", "content_type": 13, "codename": "change_email"}}, {"model": "auth.permission", "pk": 51, "fields": {"name": "Can delete email", "content_type": 13, "codename": "delete_email"}}, {"model": "auth.permission", "pk": 52, "fields": {"name": "Can view email", "content_type": 13, "codename": "view_email"}}, {"model": "auth.permission", "pk": 53, "fields": {"name": "Can add group", "content_type": 14, "codename": "add_group"}}, {"model": "auth.permission", "pk": 54, "fields": {"name": "Can change group", "content_type": 14, "codename": "change_group"}}, {"model": "auth.permission", "pk": 55, "fields": {"name": "Can delete group", "content_type": 14, "codename": "delete_group"}}, {"model": "auth.permission", "pk": 56, "fields": {"name": "Can view group", "content_type": 14, "codename": "view_group"}}, {"model": "auth.user", "pk": 1, "fields": {"password": "pbkdf2_sha256$150000$BD9v9Lnnz8mt$y7KdJUsk21P7svD6LK2LsMwR0Ml+6YqwwYzd91bQu2Q=", "last_login": "2019-04-25T09:51:16.401Z", "is_superuser": true, "username": "admin", "first_name": "", "last_name": "", "email": "admin@test.com", "is_staff": true, "is_active": true, "date_joined": "2019-04-25T09:51:09.037Z", "groups": [], "user_permissions": []}}]