[{"model": "contenttypes.contenttype", "pk": 1, "fields": {"app_label": "corsheaders", "model": "corsmodel"}}, {"model": "contenttypes.contenttype", "pk": 2, "fields": {"app_label": "admin", "model": "logentry"}}, {"model": "contenttypes.contenttype", "pk": 3, "fields": {"app_label": "auth", "model": "permission"}}, {"model": "contenttypes.contenttype", "pk": 4, "fields": {"app_label": "auth", "model": "group"}}, {"model": "contenttypes.contenttype", "pk": 5, "fields": {"app_label": "auth", "model": "user"}}, {"model": "contenttypes.contenttype", "pk": 6, "fields": {"app_label": "contenttypes", "model": "contenttype"}}, {"model": "contenttypes.contenttype", "pk": 7, "fields": {"app_label": "sessions", "model": "session"}}, {"model": "contenttypes.contenttype", "pk": 8, "fields": {"app_label": "conference_rooms_reservations", "model": "room"}}, {"model": "contenttypes.contenttype", "pk": 9, "fields": {"app_label": "conference_rooms_reservations", "model": "reservation"}}, {"model": "contenttypes.contenttype", "pk": 10, "fields": {"app_label": "contact_box", "model": "person"}}, {"model": "contenttypes.contenttype", "pk": 11, "fields": {"app_label": "contact_box", "model": "address"}}, {"model": "contenttypes.contenttype", "pk": 12, "fields": {"app_label": "contact_box", "model": "phonenumber"}}, {"model": "contenttypes.contenttype", "pk": 13, "fields": {"app_label": "contact_box", "model": "email"}}, {"model": "contenttypes.contenttype", "pk": 14, "fields": {"app_label": "contact_box", "model": "group"}}, {"model": "conference_rooms_reservations.room", "pk": 1, "fields": {"name": "PaleGreen", "capacity": 95, "projector": true}}, {"model": "conference_rooms_reservations.room", "pk": 2, "fields": {"name": "DodgerBlue", "capacity": 99, "projector": false}}, {"model": "conference_rooms_reservations.room", "pk": 3, "fields": {"name": "SkyBlue", "capacity": 42, "projector": false}}, {"model": "conference_rooms_reservations.room", "pk": 4, "fields": {"name": "LightCoral", "capacity": 81, "projector": false}}, {"model": "conference_rooms_reservations.room", "pk": 5, "fields": {"name": "WhiteSmoke", "capacity": 14, "projector": false}}, {"model": "conference_rooms_reservations.room", "pk": 6, "fields": {"name": "Crimson", "capacity": 11, "projector": true}}, {"model": "conference_rooms_reservations.room", "pk": 7, "fields": {"name": "MediumSeaGreen", "capacity": 45, "projector": false}}, {"model": "conference_rooms_reservations.room", "pk": 9, "fields": {"name": "LightSeaGreen", "capacity": 74, "projector": true}}, {"model": "conference_rooms_reservations.room", "pk": 11, "fields": {"name": "SeaGreen", "capacity": 93, "projector": false}}, {"model": "conference_rooms_reservations.room", "pk": 12, "fields": {"name": "DarkOliveGreen", "capacity": 15, "projector": false}}, {"model": "conference_rooms_reservations.room", "pk": 13, "fields": {"name": "Aqua", "capacity": 64, "projector": true}}, {"model": "conference_rooms_reservations.room", "pk": 15, "fields": {"name": "Yellow", "capacity": 91, "projector": false}}, {"model": "conference_rooms_reservations.room", "pk": 16, "fields": {"name": "DeepPink", "capacity": 84, "projector": false}}, {"model": "conference_rooms_reservations.room", "pk": 17, "fields": {"name": "LightYellow", "capacity": 47, "projector": true}}, {"model": "conference_rooms_reservations.room", "pk": 18, "fields": {"name": "Cornsilk", "capacity": 89, "projector": false}}, {"model": "conference_rooms_reservations.room", "pk": 19, "fields": {"name": "DarkGray", "capacity": 91, "projector": false}}, {"model": "conference_rooms_reservations.room", "pk": 20, "fields": {"name": "DarkSalmon", "capacity": 14, "projector": false}}, {"model": "conference_rooms_reservations.reservation", "pk": 1, "fields": {"date": "2019-05-18", "comment": "Little five specific begin discover camera near. Table position too assume choice.\nCertain your marriage. Student degree institution oil.", "room": 18}}, {"model": "conference_rooms_reservations.reservation", "pk": 2, "fields": {"date": "2019-05-24", "comment": "Represent direction somebody stay boy. Issue think person service improve artist we upon. Painting significant church industry.", "room": 17}}, {"model": "conference_rooms_reservations.reservation", "pk": 3, "fields": {"date": "2019-05-07", "comment": "Recently would back various. Allow among many hand explain not policy president. Same call occur travel data her along education.", "room": 11}}, {"model": "conference_rooms_reservations.reservation", "pk": 4, "fields": {"date": "2019-04-27", "comment": "Ability term nor whole. President peace successful later.", "room": 18}}, {"model": "conference_rooms_reservations.reservation", "pk": 5, "fields": {"date": "2019-05-23", "comment": "Item herself shoulder often. Need candidate person item style.\nNever history production work ready relate. Born soldier security daughter leg.", "room": 1}}, {"model": "conference_rooms_reservations.reservation", "pk": 6, "fields": {"date": "2019-05-02", "comment": "Difference what statement he exist. Fact remember play which book training. Without impact image.", "room": 19}}, {"model": "conference_rooms_reservations.reservation", "pk": 7, "fields": {"date": "2019-05-07", "comment": "Indeed property state issue. Sign worker career everyone after quickly travel.\nTreatment their boy half store edge. Person practice just home ten action.", "room": 17}}, {"model": "conference_rooms_reservations.reservation", "pk": 8, "fields": {"date": "2019-05-10", "comment": "Better heavy partner same exactly. Agent campaign institution respond month beautiful board leave. Follow policy soon mouth management responsibility.", "room": 11}}, {"model": "conference_rooms_reservations.reservation", "pk": 9, "fields": {"date": "2019-05-07", "comment": "Learn cause glass treat.\nSeat scientist already however morning area ability. View enter small your.", "room": 5}}, {"model": "conference_rooms_reservations.reservation", "pk": 10, "fields": {"date": "2019-05-12", "comment": "Positive something heavy yeah require society. Seek military prepare spring. Customer south space might. Child town form tax.", "room": 9}}, {"model": "conference_rooms_reservations.reservation", "pk": 11, "fields": {"date": "2019-04-26", "comment": "Song executive cup two language seat. Maybe particularly to animal particularly.\nSide anyone beautiful. Service statement ball argue. Guy cover despite seven effort young treat.", "room": 1}}, {"model": "conference_rooms_reservations.reservation", "pk": 12, "fields": {"date": "2019-05-12", "comment": "Foreign exist crime later until. Join democratic still low fine them short.\nTrouble heart never ago air. Southern part behind source trade.", "room": 4}}, {"model": "conference_rooms_reservations.reservation", "pk": 13, "fields": {"date": "2019-05-15", "comment": "Top never young weight movement. Born choice wait. Its raise want.\nExactly indicate thought others. From reach many property simply physical good.", "room": 9}}, {"model": "conference_rooms_reservations.reservation", "pk": 14, "fields": {"date": "2019-04-28", "comment": "Show relate authority executive. Maintain quality girl forget heavy.\nAction performance beat. May discuss and although.", "room": 20}}, {"model": "conference_rooms_reservations.reservation", "pk": 15, "fields": {"date": "2019-05-04", "comment": "Body however each young smile air lay. Listen allow nation step star. Group the remember treat a course.", "room": 9}}, {"model": "conference_rooms_reservations.reservation", "pk": 16, "fields": {"date": "2019-05-23", "comment": "Get cause enough far well tonight car. In after site life government only term able. Cost beat cup society seem real.\nConference movement if apply at. Ok half environment especially true Democrat.", "room": 16}}, {"model": "conference_rooms_reservations.reservation", "pk": 17, "fields": {"date": "2019-05-01", "comment": "Structure ever financial among later. Moment realize hit above front five result doctor.\nReveal cost discussion how reveal. Tv other parent part tax tell begin.", "room": 20}}, {"model": "conference_rooms_reservations.reservation", "pk": 18, "fields": {"date": "2019-05-17", "comment": "Agree but offer voice. Myself pass water who.\nWindow employee offer clearly suddenly space material determine. Police wife citizen a. Goal agreement you lawyer keep.", "room": 16}}, {"model": "conference_rooms_reservations.reservation", "pk": 19, "fields": {"date": "2019-05-10", "comment": "Side again see home he or. Through many current. The store trade well weight culture fund.", "room": 18}}, {"model": "conference_rooms_reservations.reservation", "pk": 20, "fields": {"date": "2019-05-13", "comment": "Music minute middle move without. Without even fund management natural.\nParty visit strategy agent this. Food body look road government lot. Science may this fine into pattern.", "room": 19}}, {"model": "conference_rooms_reservations.reservation", "pk": 21, "fields": {"date": "2019-04-29", "comment": "Ahead media kid green condition production. Treat imagine time particular same live art support.\nScience small type minute relationship when what. Wish edge new night campaign forward on.", "room": 3}}, {"model": "conference_rooms_reservations.reservation", "pk": 22, "fields": {"date": "2019-04-30", "comment": "Outside those interview. Total interview quality much anyone physical shoulder.\nAvoid floor somebody likely glass per newspaper also. Power end education care clear meeting agree.", "room": 18}}, {"model": "conference_rooms_reservations.reservation", "pk": 23, "fields": {"date": "2019-05-23", "comment": "Music fly interesting chance join skill foot step. Realize hour ever reach particularly other half.\nGame on then defense. Above fire heart whole. Wait successful new social training.", "room": 6}}, {"model": "conference_rooms_reservations.reservation", "pk": 24, "fields": {"date": "2019-05-20", "comment": "Today future commercial himself out. History art party sister risk provide memory.", "room": 13}}, {"model": "conference_rooms_reservations.reservation", "pk": 25, "fields": {"date": "2019-05-05", "comment": "All past house amount score majority. Go believe land hand system. Writer marriage new not guy character them.", "room": 3}}, {"model": "conference_rooms_reservations.reservation", "pk": 26, "fields": {"date": "2019-04-29", "comment": "Thing it sign cut. Hotel middle than suffer simply. Ability story modern mean body close win.\nThroughout would data reason. Involve employee sign catch. Thank but lose.", "room": 19}}, {"model": "conference_rooms_reservations.reservation", "pk": 27, "fields": {"date": "2019-05-02", "comment": "Marriage then truth teach condition room let. Little develop money care sit. Page keep or sometimes interest hair fight.", "room": 19}}, {"model": "conference_rooms_reservations.reservation", "pk": 28, "fields": {"date": "2019-05-03", "comment": "Hair put we trial. Watch single before see. Others course because such ago kind sure investment.\nExpect party seek only range general mission. Laugh country who decade quite behavior piece.", "room": 13}}, {"model": "conference_rooms_reservations.reservation", "pk": 29, "fields": {"date": "2019-04-27", "comment": "Science great make fear nearly others truth determine. Per indeed remain yard. Class available sign little.", "room": 12}}, {"model": "conference_rooms_reservations.reservation", "pk": 30, "fields": {"date": "2019-05-12", "comment": "Group under none girl return camera. Course old by space watch study likely room. Education impact before far relate bed.\nHotel picture owner born.", "room": 15}}, {"model": "conference_rooms_reservations.reservation", "pk": 31, "fields": {"date": "2019-05-15", "comment": "Item source seem should certainly stage. Nearly cold money piece company election rest.", "room": 1}}, {"model": "conference_rooms_reservations.reservation", "pk": 32, "fields": {"date": "2019-05-17", "comment": "Buy sound court experience house. Boy the edge notice forward.\nWrite big space from difficult former feeling. Bed this under place case participant six. Number behind garden since want suddenly.", "room": 7}}, {"model": "conference_rooms_reservations.reservation", "pk": 33, "fields": {"date": "2019-04-29", "comment": "Argue effort rise without. Power friend hour when federal simply. Capital space effect worry example federal process.\nCreate need personal consumer challenge. Like a part police.", "room": 19}}, {"model": "conference_rooms_reservations.reservation", "pk": 34, "fields": {"date": "2019-05-20", "comment": "In hard force team low available walk. Have sense your consumer.\nCondition range teach describe beautiful himself your. Look moment effect capital few. Future born fall check hard care.", "room": 12}}, {"model": "conference_rooms_reservations.reservation", "pk": 35, "fields": {"date": "2019-04-26", "comment": "Reflect unit leave child. Fire age mission put adult question.\nDrop a seek local father thank before expect. Deep thing drug bad trial.", "room": 12}}, {"model": "conference_rooms_reservations.reservation", "pk": 36, "fields": {"date": "2019-05-10", "comment": "Partner eat new station require Democrat process reach. Evidence enter pass a.", "room": 13}}, {"model": "conference_rooms_reservations.reservation", "pk": 37, "fields": {"date": "2019-04-27", "comment": "Sea responsibility health. Open American understand. To old education star lose any size.", "room": 17}}, {"model": "conference_rooms_reservations.reservation", "pk": 38, "fields": {"date": "2019-05-06", "comment": "Try kind hotel growth machine. Beat sense treat major person.\nArea rich follow onto painting drug source. Treat pass kind best kid huge. Consider morning half world role.", "room": 7}}, {"model": "conference_rooms_reservations.reservation", "pk": 39, "fields": {"date": "2019-05-10", "comment": "Health executive kitchen stuff already. Himself partner sure far reveal half. Treat use side order treatment job peace.\nAddress clear away American face discussion.", "room": 15}}, {"model": "conference_rooms_reservations.reservation", "pk": 40, "fields": {"date": "2019-05-23", "comment": "Kitchen experience speech treat. Arrive campaign move. About business site spring.\nFinally night forget girl. Wish side reason community design expert necessary.", "room": 16}}, {"model": "conference_rooms_reservations.reservation", "pk": 41, "fields": {"date": "2019-04-25", "comment": "So institution director strategy cup specific entire. Matter well role once. Body almost high success. Compare national education only project vote unit.", "room": 18}}, {"model": "conference_rooms_reservations.reservation", "pk": 42, "fields": {"date": "2019-05-04", "comment": "Decide road put administration professional relationship. Gun full matter article point appear child.", "room": 2}}, {"model": "conference_rooms_reservations.reservation", "pk": 43, "fields": {"date": "2019-05-24", "comment": "Answer actually action style. Guess exist number. Bit build think natural rise.\nKeep energy six own scientist fight require. Hotel dinner start direction whether.", "room": 2}}, {"model": "conference_rooms_reservations.reservation", "pk": 44, "fields": {"date": "2019-05-01", "comment": "Because should cost resource.\nWatch accept through sign. Adult reveal many read.\nWife know believe marriage full drive. Reason news partner authority ready.", "room": 18}}, {"model": "conference_rooms_reservations.reservation", "pk": 45, "fields": {"date": "2019-05-22", "comment": "Rock help family kid baby. Third create no cultural large join exist clearly.\nLight seem early. Nothing kid finally.\nQuickly quite against create personal yard. Condition very game director stock.", "room": 2}}, {"model": "conference_rooms_reservations.reservation", "pk": 46, "fields": {"date": "2019-05-04", "comment": "Within name husband certainly reflect security. Pm main movie discussion between.\nUp turn perhaps manager.\nStudy message maintain body crime kitchen same. Reveal in without six source.", "room": 7}}, {"model": "conference_rooms_reservations.reservation", "pk": 47, "fields": {"date": "2019-05-02", "comment": "Everybody his rock record news close. Lot man ever bit would security executive.\nWhich first side. Page produce story education share me. Member billion place main agent of.", "room": 20}}, {"model": "conference_rooms_reservations.reservation", "pk": 48, "fields": {"date": "2019-05-22", "comment": "Threat time blood fund despite. Threat edge debate would president trial well in.\nThough end form under happen. Drug sometimes tree green federal daughter fear want. Catch late environment.", "room": 1}}, {"model": "conference_rooms_reservations.reservation", "pk": 49, "fields": {"date": "2019-05-18", "comment": "Believe hundred any. Owner sport second different. Travel party machine simple.\nThree man direction center. Forget receive final.", "room": 11}}, {"model": "conference_rooms_reservations.reservation", "pk": 50, "fields": {"date": "2019-04-25", "comment": "Organization lawyer coach world our science maybe. Maintain attention power according.\nSkin hot offer serious. Meeting enter lose. Fast under billion eight worry.", "room": 2}}, {"model": "conference_rooms_reservations.reservation", "pk": 51, "fields": {"date": "2019-04-28", "comment": "Until so treatment skill hour. Cell yeah husband air.\nGovernment none employee. Model wrong push need past area hope. Present control father class surface green hand. Military its political near.", "room": 9}}, {"model": "conference_rooms_reservations.reservation", "pk": 52, "fields": {"date": "2019-05-04", "comment": "Three eat language. Trial property argue executive charge pattern deal.\nCatch fear decade something phone area. Add leave Republican clearly position type.", "room": 13}}, {"model": "conference_rooms_reservations.reservation", "pk": 53, "fields": {"date": "2019-04-27", "comment": "Hour face base finally. Artist human partner manager professional bank.\nData owner listen sound. Adult discussion budget. Himself authority growth me.", "room": 12}}, {"model": "conference_rooms_reservations.reservation", "pk": 54, "fields": {"date": "2019-04-25", "comment": "Pm never yet five call. Important call imagine indeed raise push.\nWife security feeling. Kitchen American word risk add it.", "room": 12}}, {"model": "conference_rooms_reservations.reservation", "pk": 55, "fields": {"date": "2019-04-27", "comment": "Mind wrong successful various arm. Poor inside today what we professor. Eye skin question difference. Writer friend key table.", "room": 6}}, {"model": "conference_rooms_reservations.reservation", "pk": 56, "fields": {"date": "2019-04-30", "comment": "Make glass ground where. Than series realize cold. Throw about mean piece Congress person better. Boy student leg pretty foot commercial.\nWear budget thus. Whom world reason task lose.", "room": 3}}, {"model": "conference_rooms_reservations.reservation", "pk": 57, "fields": {"date": "2019-05-05", "comment": "Nation strong big go evening deal. Dinner situation property million support brother seven. Some author realize policy foreign a among rest.", "room": 6}}, {"model": "conference_rooms_reservations.reservation", "pk": 58, "fields": {"date": "2019-05-24", "comment": "Within end feeling color. Maintain serve peace will late child I product.\nSomething specific over minute her until mind. Respond onto player.", "room": 18}}, {"model": "conference_rooms_reservations.reservation", "pk": 59, "fields": {"date": "2019-05-02", "comment": "Pattern beautiful season bad fact blood those.\nBox relate spring turn. Quite later while next save. First training air.", "room": 19}}, {"model": "conference_rooms_reservations.reservation", "pk": 60, "fields": {"date": "2019-04-30", "comment": "Church both than discussion magazine. Decision others need only.\nBetter adult kind let. Know page join small address task.\nExpect month main sit enough reveal part. Best gun field I movie less be.", "room": 17}}, {"model": "conference_rooms_reservations.reservation", "pk": 61, "fields": {"date": "2019-04-26", "comment": "Nor seven outside either.\nEnvironment next health particularly ask. Animal letter out through analysis while recognize seat. On main stage truth rock analysis traditional.", "room": 18}}, {"model": "conference_rooms_reservations.reservation", "pk": 62, "fields": {"date": "2019-05-13", "comment": "Court church understand laugh decide. Someone country fear him home write.", "room": 17}}, {"model": "conference_rooms_reservations.reservation", "pk": 63, "fields": {"date": "2019-05-10", "comment": "Oil defense standard how. Manage majority year trade recent thought.\nFive return vote. Poor fast red evening. Rise experience add scene apply significant which more.", "room": 5}}, {"model": "conference_rooms_reservations.reservation", "pk": 64, "fields": {"date": "2019-05-06", "comment": "Including state hundred poor moment tonight table. Former news describe raise sound first choose.\nPaper concern value where food staff adult focus. Discover increase true prevent during.", "room": 13}}, {"model": "conference_rooms_reservations.reservation", "pk": 65, "fields": {"date": "2019-05-24", "comment": "Collection then another send change air may. Away office Mrs last run return the.\nDiscover who skin. Season think great. Wall trial book.", "room": 12}}, {"model": "conference_rooms_reservations.reservation", "pk": 66, "fields": {"date": "2019-05-03", "comment": "Low Mrs move word put. Consider want language. Scientist source stuff size capital record save.\nPhysical knowledge public good move too less. Interesting all learn argue rule.", "room": 19}}, {"model": "conference_rooms_reservations.reservation", "pk": 67, "fields": {"date": "2019-05-06", "comment": "Decision model together. Two drug hotel news with card within. Thus discuss leave.\nThen land every where way. Executive different enter. Popular hope career write.", "room": 16}}, {"model": "conference_rooms_reservations.reservation", "pk": 68, "fields": {"date": "2019-04-28", "comment": "Know finish phone may cause federal. Short will no message none. Worry skin force speak difficult Congress since debate. Fact science power exist.", "room": 19}}, {"model": "conference_rooms_reservations.reservation", "pk": 69, "fields": {"date": "2019-05-21", "comment": "Soldier safe goal shoulder must. Coach design process part brother score star. His the product including century cut.", "room": 12}}, {"model": "conference_rooms_reservations.reservation", "pk": 70, "fields": {"date": "2019-05-05", "comment": "Street natural blood since. Stop amount task bag save true. Wife support opportunity paper.", "room": 19}}, {"model": "conference_rooms_reservations.reservation", "pk": 71, "fields": {"date": "2019-04-28", "comment": "Art who air mind reality candidate join. Parent join color within. Another president family recognize above enter.", "room": 6}}, {"model": "conference_rooms_reservations.reservation", "pk": 72, "fields": {"date": "2019-05-14", "comment": "Their turn have. Sport lot use middle carry.\nSpeak rise season customer. Research ago under expert outside. Rise like forward.", "room": 5}}, {"model": "conference_rooms_reservations.reservation", "pk": 73, "fields": {"date": "2019-04-28", "comment": "Range cover fine current young class statement. Difference away realize woman. Business according too.", "room": 15}}, {"model": "conference_rooms_reservations.reservation", "pk": 74, "fields": {"date": "2019-05-03", "comment": "Fly most single amount reflect recently foot. Detail tax letter.\nMachine fact southern however book. Tough seat figure box land few.\nCountry fall among foot how value. Go now thus black.", "room": 9}}, {"model": "conference_rooms_reservations.reservation", "pk": 75, "fields": {"date": "2019-04-27", "comment": "Manage summer may color into. Month lose give. Son return they region skill deep. Laugh agreement left.\nLaugh same pretty truth. Future great rich film. Imagine son minute require reduce which less.", "room": 9}}, {"model": "conference_rooms_reservations.reservation", "pk": 76, "fields": {"date": "2019-05-06", "comment": "House wall half read stay. Kind environmental exist argue establish.\nProduction art quickly rock. Adult fund adult dark wide minute. Play those store drive recently.", "room": 3}}, {"model": "conference_rooms_reservations.reservation", "pk": 77, "fields": {"date": "2019-05-24", "comment": "Recent middle child crime. On explain recently year. Thought result him.", "room": 20}}, {"model": "conference_rooms_reservations.reservation", "pk": 78, "fields": {"date": "2019-05-09", "comment": "Impact poor scientist history wish resource attack art. Public piece particularly list. Couple paper the better research feeling simply.", "room": 20}}, {"model": "conference_rooms_reservations.reservation", "pk": 79, "fields": {"date": "2019-05-10", "comment": "Occur feel respond. Record husband plan avoid.\nBegin whether never southern.\nKnow inside in class page. Suffer certain while community wind decide. Result miss between position.", "room": 11}}, {"model": "conference_rooms_reservations.reservation", "pk": 80, "fields": {"date": "2019-05-12", "comment": "Far or foot economic follow enter service. People do consumer serious look radio choice.\nEmployee dinner try onto. Trial black history recently result. Drive stop series.", "room": 9}}, {"model": "conference_rooms_reservations.reservation", "pk": 81, "fields": {"date": "2019-05-05", "comment": "Born ahead call start relationship our successful subject. Fill arrive force experience. Per perhaps edge.", "room": 4}}, {"model": "conference_rooms_reservations.reservation", "pk": 82, "fields": {"date": "2019-05-19", "comment": "Tonight account leave house machine reach particularly sister. New hit upon whole miss manage determine. Theory man able candidate.", "room": 5}}, {"model": "conference_rooms_reservations.reservation", "pk": 83, "fields": {"date": "2019-04-25", "comment": "Generation scientist practice unit better. Interest clearly center rate. Happen surface drug drop somebody new range person.\nCar against where political yeah.", "room": 18}}, {"model": "conference_rooms_reservations.reservation", "pk": 84, "fields": {"date": "2019-05-15", "comment": "Short car event positive decision. Military as certain feel rest growth.", "room": 20}}, {"model": "conference_rooms_reservations.reservation", "pk": 85, "fields": {"date": "2019-05-24", "comment": "International place above defense style.\nGet office past represent concern stay partner. Administration consumer purpose us blood. Here hit account relate.", "room": 4}}, {"model": "conference_rooms_reservations.reservation", "pk": 86, "fields": {"date": "2019-05-17", "comment": "Energy level TV few get son. Even success few easy loss exist environmental.\nForget sense newspaper expect. Painting thank pass fill writer religious move. Among issue education wear.", "room": 9}}, {"model": "conference_rooms_reservations.reservation", "pk": 87, "fields": {"date": "2019-05-07", "comment": "Local decade last north prevent despite.\nHour from tough water safe end. Network history hand hope leader meeting.", "room": 1}}, {"model": "conference_rooms_reservations.reservation", "pk": 88, "fields": {"date": "2019-05-23", "comment": "Wonder high issue thought four itself various make. Door section month generation mean opportunity marriage.", "room": 5}}, {"model": "conference_rooms_reservations.reservation", "pk": 89, "fields": {"date": "2019-05-20", "comment": "What they surface identify mouth. Statement our type matter hand. Hotel executive central rule some executive deep.", "room": 2}}, {"model": "conference_rooms_reservations.reservation", "pk": 90, "fields": {"date": "2019-05-19", "comment": "Number quality special say know. Ready appear modern month campaign student include.\nBed then others everything. Fly here south never. Past itself statement chair century.", "room": 16}}, {"model": "conference_rooms_reservations.reservation", "pk": 91, "fields": {"date": "2019-05-12", "comment": "Material east raise feel remember. Whether source security cultural me. Stop since series hundred position collection.\nPopulation no green thank him. His research step wide decade modern.", "room": 5}}, {"model": "conference_rooms_reservations.reservation", "pk": 92, "fields": {"date": "2019-05-08", "comment": "Week minute our key could data group. Hope note water not. Argue chance leave large conference in.", "room": 3}}, {"model": "conference_rooms_reservations.reservation", "pk": 93, "fields": {"date": "2019-05-14", "comment": "Card despite its today yeah road. Behavior able decide Republican address perhaps coach prove.\nBy among however page. Power three protect contain Republican walk.", "room": 9}}, {"model": "conference_rooms_reservations.reservation", "pk": 94, "fields": {"date": "2019-04-30", "comment": "Center those decade community parent speak. True alone might consumer degree sound.\nFact from region computer long. Suggest ten lead speech. Tough stand local cost home sure.", "room": 17}}, {"model": "conference_rooms_reservations.reservation", "pk": 95, "fields": {"date": "2019-05-21", "comment": "Edge approach staff can. Send interview significant of phone.\nProcess possible gun whether study. Accept case close owner country.", "room": 15}}, {"model": "conference_rooms_reservations.reservation", "pk": 96, "fields": {"date": "2019-05-23", "comment": "Party itself spend space each behind his. Thank three former green reach parent spend.", "room": 1}}, {"model": "conference_rooms_reservations.reservation", "pk": 97, "fields": {"date": "2019-05-21", "comment": "Two training lose reflect. Like claim rate happy time poor. Century college almost western create natural.\nSend money result identify. Hold form lose fly assume special line. Each up PM question.", "room": 16}}, {"model": "conference_rooms_reservations.reservation", "pk": 98, "fields": {"date": "2019-05-11", "comment": "Leg much stop hundred these example say election. Your this argue ok take board summer.", "room": 19}}, {"model": "conference_rooms_reservations.reservation", "pk": 99, "fields": {"date": "2019-05-02", "comment": "Quite matter hand bring. Lose dark first certain total wait.", "room": 16}}, {"model": "conference_rooms_reservations.reservation", "pk": 100, "fields": {"date": "2019-05-12", "comment": "Leave every lay over style doctor much. Fast thought term role end safe myself. Sister still leader white pattern ahead attorney.", "room": 6}}, {"model": "conference_rooms_reservations.reservation", "pk": 101, "fields": {"date": "2019-04-30", "comment": "Even laugh specific part. Could five nearly left news save into. Still already truth draw region success rest.\nLess gas need each put wish. Recently I little foreign.", "room": 2}}, {"model": "conference_rooms_reservations.reservation", "pk": 102, "fields": {"date": "2019-05-09", "comment": "Report onto public list. Find him kitchen leg. Enjoy note movie woman consumer information sense.\nAll picture show young chair. Ok fish from successful kid black administration.", "room": 13}}, {"model": "conference_rooms_reservations.reservation", "pk": 103, "fields": {"date": "2019-05-06", "comment": "Charge modern clear bring two reduce.\nStudy fund herself beyond four third amount. Great account half fill computer those recent. Story professional center race.", "room": 9}}, {"model": "conference_rooms_reservations.reservation", "pk": 104, "fields": {"date": "2019-05-15", "comment": "Mean many sit region sometimes hour similar effect. Company it particularly form. Environment back base challenge clearly either.\nChair decision southern work. Actually first whatever.", "room": 3}}, {"model": "conference_rooms_reservations.reservation", "pk": 105, "fields": {"date": "2019-05-11", "comment": "Senior lot value standard. All hit too attention general. Address plan finally meet enough.\nDifficult dog program beyond think matter. Value nor shoulder treatment difference economy tonight show.", "room": 11}}, {"model": "conference_rooms_reservations.reservation", "pk": 106, "fields": {"date": "2019-05-21", "comment": "Our office they prepare shake. Individual Mrs parent fear live lay. Different significant case hand season try.\nBelieve top move better your. Wall small fight stand against place.", "room": 3}}, {"model": "conference_rooms_reservations.reservation", "pk": 107, "fields": {"date": "2019-05-10", "comment": "They do pretty citizen conference. Concern per family despite since. Own friend maybe official theory know.", "room": 16}}, {"model": "conference_rooms_reservations.reservation", "pk": 108, "fields": {"date": "2019-05-22", "comment": "It job anything do know project. Performance tree hotel claim cost professor walk. Building data likely.\nDecide nor clearly stuff.", "room": 4}}, {"model": "conference_rooms_reservations.reservation", "pk": 109, "fields": {"date": "2019-05-23", "comment": "Fill maintain that its. Couple address scientist story.\nAnimal page wait less. Actually forward ahead great.\nDaughter thus official piece. Laugh measure improve deal. Charge since admit third.", "room": 9}}, {"model": "conference_rooms_reservations.reservation", "pk": 110, "fields": {"date": "2019-05-08", "comment": "Those ask talk product institution. Store skin total should simply town Mr.\nMajority take seem American nearly attention. Service run tell now. Team between member.", "room": 20}}, {"model": "conference_rooms_reservations.reservation", "pk": 111, "fields": {"date": "2019-05-24", "comment": "Feeling suddenly expect reflect miss management. Enjoy medical government surface lawyer. And decide scientist base even yeah build.", "room": 16}}, {"model": "conference_rooms_reservations.reservation", "pk": 112, "fields": {"date": "2019-05-12", "comment": "Enjoy author yard large example ready early discuss. Walk short idea economic.\nLawyer scientist discover this. Medical product prove evening room.", "room": 7}}, {"model": "conference_rooms_reservations.reservation", "pk": 113, "fields": {"date": "2019-05-04", "comment": "Wish war would remember nice apply. Report just plan about everybody morning age middle.\nAgreement me quite admit rest instead. Vote move bit central direction down.", "room": 16}}, {"model": "conference_rooms_reservations.reservation", "pk": 114, "fields": {"date": "2019-05-21", "comment": "Everyone boy size page technology man. Control character successful treatment situation wrong energy.", "room": 7}}, {"model": "conference_rooms_reservations.reservation", "pk": 115, "fields": {"date": "2019-05-04", "comment": "Pm present wall test what experience. Service fly music hotel article heavy certain lawyer. Manager white control modern action church clear.", "room": 15}}, {"model": "conference_rooms_reservations.reservation", "pk": 116, "fields": {"date": "2019-05-16", "comment": "Only between we partner oil reason sell although. Suddenly above view effort sure man blue political. Among only budget vote decade media much. After police take both opportunity year.", "room": 1}}, {"model": "conference_rooms_reservations.reservation", "pk": 117, "fields": {"date": "2019-05-18", "comment": "Model nearly machine away avoid whether serve. Rise theory huge clear different visit. Home sea fund really.\nMy effort teach into. Play science girl yet.", "room": 12}}, {"model": "conference_rooms_reservations.reservation", "pk": 118, "fields": {"date": "2019-05-10", "comment": "Say create low. Recognize yard right couple future much evidence. But wife exist accept.\nCover authority your behind list. System however head we actually. Name force site sense.", "room": 1}}, {"model": "conference_rooms_reservations.reservation", "pk": 119, "fields": {"date": "2019-05-07", "comment": "Event last record. Pull event different hour should concern top.\nDescribe huge attack travel identify hour. Perform page never large information next. Take himself none space.", "room": 12}}, {"model": "conference_rooms_reservations.reservation", "pk": 120, "fields": {"date": "2019-05-09", "comment": "Hour draw hundred morning describe international measure really. Anything war style everyone security lot get dinner.\nNever many allow leg event hundred would. Power open catch power often.", "room": 18}}, {"model": "conference_rooms_reservations.reservation", "pk": 121, "fields": {"date": "2019-04-28", "comment": "Network perhaps worry carry away fine action board. Beautiful question green book we across try.\nAgain much business my. In effect military baby feeling let. Edge value interview develop box.", "room": 12}}, {"model": "conference_rooms_reservations.reservation", "pk": 122, "fields": {"date": "2019-05-02", "comment": "Cold feel realize town society. Respond western natural information many beyond become high. Whatever discussion artist consumer trial card.", "room": 16}}, {"model": "conference_rooms_reservations.reservation", "pk": 123, "fields": {"date": "2019-05-16", "comment": "Wide whose bag anyone blood check. Right network doctor any evening. Write act in movie hold investment morning one.", "room": 7}}, {"model": "conference_rooms_reservations.reservation", "pk": 124, "fields": {"date": "2019-05-20", "comment": "Media teach half about. Tree spring plan put task class.\nAnother attack wife should western write team. Major bring exist strategy threat. South measure rich report difficult finally every.", "room": 1}}, {"model": "conference_rooms_reservations.reservation", "pk": 125, "fields": {"date": "2019-05-21", "comment": "Person senior economy language whose network beyond. Result evening become future than half rise.", "room": 12}}, {"model": "conference_rooms_reservations.reservation", "pk": 126, "fields": {"date": "2019-05-07", "comment": "Technology partner if wish several course. More music center subject building. Difficult product even light dark chance. Institution strong camera nature as participant.", "room": 2}}, {"model": "conference_rooms_reservations.reservation", "pk": 127, "fields": {"date": "2019-05-02", "comment": "Goal not alone. Action tonight court air drug leg economy. Dream century professional bad possible.\nI field bank society sure. Development man former science require nor change. Into tonight as.", "room": 12}}, {"model": "conference_rooms_reservations.reservation", "pk": 128, "fields": {"date": "2019-05-10", "comment": "Election attention themselves someone example. Oil somebody even song. Treat maybe consumer remain trial better.", "room": 12}}, {"model": "conference_rooms_reservations.reservation", "pk": 129, "fields": {"date": "2019-05-24", "comment": "Point mean political allow natural treat. Debate subject yard front themselves avoid.\nGo threat exist. They fear west week sell but.", "room": 7}}, {"model": "conference_rooms_reservations.reservation", "pk": 130, "fields": {"date": "2019-05-18", "comment": "Seat focus success design town enjoy. Rest two charge thus. Writer society interesting cause many those.", "room": 17}}, {"model": "conference_rooms_reservations.reservation", "pk": 131, "fields": {"date": "2019-05-08", "comment": "Third control bad. Recognize stay threat individual exist.\nSkin race five item finish second. Note side trip newspaper wind. Cultural expect edge expert.", "room": 16}}, {"model": "conference_rooms_reservations.reservation", "pk": 132, "fields": {"date": "2019-05-14", "comment": "Ball ok administration pay use black. Almost tax maybe meeting. Office security even nothing property system here.", "room": 18}}, {"model": "conference_rooms_reservations.reservation", "pk": 133, "fields": {"date": "2019-05-21", "comment": "Skill possible something answer. Better pass scene instead artist.\nParty cup dinner drop suffer. Performance perhaps early away group available computer. Story increase thus property.", "room": 6}}, {"model": "conference_rooms_reservations.reservation", "pk": 134, "fields": {"date": "2019-04-29", "comment": "Enjoy provide so success item close person. Successful herself born around very director. Perhaps development likely as long.", "room": 6}}, {"model": "conference_rooms_reservations.reservation", "pk": 135, "fields": {"date": "2019-05-15", "comment": "Without read leave doctor significant. Whom discuss as require trip her. Suffer we see.", "room": 19}}, {"model": "conference_rooms_reservations.reservation", "pk": 136, "fields": {"date": "2019-04-25", "comment": "Growth door fact evening set game task. Such do ago.\nStaff adult than million. Attorney scientist individual visit.", "room": 12}}, {"model": "conference_rooms_reservations.reservation", "pk": 137, "fields": {"date": "2019-05-22", "comment": "Political institution last through. Model human nothing term charge key help.\nHeavy let year action spring chair. Head option suggest political trade person medical.", "room": 13}}, {"model": "conference_rooms_reservations.reservation", "pk": 138, "fields": {"date": "2019-05-20", "comment": "Two particularly heavy economy democratic finally. Those clearly red.\nPersonal too line laugh rest. Tell trial environment pattern affect.", "room": 16}}, {"model": "conference_rooms_reservations.reservation", "pk": 139, "fields": {"date": "2019-05-18", "comment": "Upon always probably church growth. Court conference close fish word rich. Prepare important nearly enough.\nHerself over single in. Never spring church yes. Much three kind reflect herself.", "room": 1}}, {"model": "conference_rooms_reservations.reservation", "pk": 140, "fields": {"date": "2019-05-14", "comment": "Answer nation clearly particular evening view.\nThis order campaign number line. Baby ready those wish ground yeah. Inside fly imagine quality. System participant brother compare.", "room": 16}}, {"model": "conference_rooms_reservations.reservation", "pk": 141, "fields": {"date": "2019-05-03", "comment": "Dinner parent information increase. Write forward brother figure degree Mrs report. Anything say decision thought. Phone point cover public make wife TV during.", "room": 6}}, {"model": "conference_rooms_reservations.reservation", "pk": 142, "fields": {"date": "2019-05-01", "comment": "Arrive beautiful picture discuss establish. Public fund site bed kitchen serve practice.\nMission career discover animal ok. Among cover go notice across meeting long fast.\nStand full show individual.", "room": 16}}, {"model": "conference_rooms_reservations.reservation", "pk": 143, "fields": {"date": "2019-05-13", "comment": "Want test analysis east type. Employee issue cold activity trip dinner. Much right attorney option without.", "room": 1}}, {"model": "conference_rooms_reservations.reservation", "pk": 144, "fields": {"date": "2019-05-10", "comment": "Model hotel four organization write. Case middle condition friend federal. Lay mention machine try finish.", "room": 16}}, {"model": "conference_rooms_reservations.reservation", "pk": 145, "fields": {"date": "2019-05-24", "comment": "Example hour these bar. Themselves prepare condition war station. Industry realize force actually century majority. Everybody evening training rich return everybody.", "room": 18}}, {"model": "conference_rooms_reservations.reservation", "pk": 146, "fields": {"date": "2019-05-13", "comment": "Voice worker short whom movie page. Agree body tell east store dark. Who fire individual if arm society despite.", "room": 6}}, {"model": "conference_rooms_reservations.reservation", "pk": 147, "fields": {"date": "2019-05-19", "comment": "Reduce role tough identify. Factor lead general near follow.\nInteresting although child article provide answer manager. Theory coach put bit per front.", "room": 9}}, {"model": "conference_rooms_reservations.reservation", "pk": 148, "fields": {"date": "2019-05-08", "comment": "In long option wall. Become lead recognize yourself product among air.\nLaugh body impact media. Leader style statement whether only five.", "room": 20}}, {"model": "conference_rooms_reservations.reservation", "pk": 149, "fields": {"date": "2019-04-28", "comment": "Someone candidate toward run than can. Current there film arm wonder road.\nBall also choose usually class. Expect stage reason seven. Data popular may nation model rest.", "room": 11}}, {"model": "conference_rooms_reservations.reservation", "pk": 150, "fields": {"date": "2019-05-16", "comment": "Nor age live his health medical. Prevent agent whole majority. Watch free human maybe to good.\nOffer lot receive already hospital federal yourself. Try pull everything rich other shoulder.", "room": 5}}, {"model": "contact_box.person", "pk": 1, "fields": {"name": "Tracy", "last_name": "Gardner", "description": "Wrong than old factor analysis late they. Room section animal wear knowledge matter senior.\nMyself thousand me admit. Dinner service care tonight his operation personal buy.", "address": 5}}, {"model": "contact_box.person", "pk": 2, "fields": {"name": "Jacob", "last_name": "White", "description": "Board analysis different away center four bring better. Street think maintain through resource explain long. Color large economic newspaper law.", "address": 4}}, {"model": "contact_box.person", "pk": 3, "fields": {"name": "John", "last_name": "Sanchez", "description": "Form share can public again. Wind know anyone.\nMinute conference fly own key memory. Deal attorney yourself along have role floor among.", "address": 21}}, {"model": "contact_box.person", "pk": 4, "fields": {"name": "Jessica", "last_name": "Moran", "description": "Feel now theory require perhaps. In success law top small knowledge son. Scene across effort.\nLawyer its exist Mr him trip arm. Available hundred professional important speak leg check.", "address": 2}}, {"model": "contact_box.person", "pk": 5, "fields": {"name": "Angela", "last_name": "Nolan", "description": "Task baby science. Ten yes instead because parent remain.", "address": 22}}, {"model": "contact_box.person", "pk": 6, "fields": {"name": "Molly", "last_name": "Montgomery", "description": "Difficult rise feel buy. Foreign into against see conference.\nIts political perhaps specific. Finish pay seem soldier.", "address": 10}}, {"model": "contact_box.person", "pk": 7, "fields": {"name": "Steven", "last_name": "Alexander", "description": "Cost though leader language consumer citizen product manage. Involve some during tough example. Use sort use attention. Win possible instead involve leg media.", "address": 7}}, {"model": "contact_box.person", "pk": 8, "fields": {"name": "Rodney", "last_name": "Williams", "description": "Try eye himself laugh fire process. Institution already tough water wish.\nSite security into unit every main none after. Fight different music growth. Page among study yet.", "address": 20}}, {"model": "contact_box.person", "pk": 9, "fields": {"name": "Christopher", "last_name": "Wright", "description": "Who like throughout their cell analysis. Service experience voice difference. Measure factor approach seek whatever couple sort.", "address": 15}}, {"model": "contact_box.person", "pk": 10, "fields": {"name": "Daniel", "last_name": "Mason", "description": "A billion natural moment than letter environmental.", "address": 10}}, {"model": "contact_box.person", "pk": 11, "fields": {"name": "Yolanda", "last_name": "Cortez", "description": "Act around language forward city center. Keep book evening then turn sea. And service bed glass suddenly.\nYou trouble turn nature need.", "address": 16}}, {"model": "contact_box.person", "pk": 12, "fields": {"name": "Justin", "last_name": "Anderson", "description": "Beyond best range law.\nHis reality benefit. Long shoulder yeah down town may build. Environment again wife after line street. Your sea trial news radio middle.", "address": 10}}, {"model": "contact_box.person", "pk": 13, "fields": {"name": "Andrea", "last_name": "Schwartz", "description": "Animal ball growth throw hair. Management vote song foreign decade arm probably.\nDevelopment agency our save institution particular. Well include system same firm perform.", "address": 5}}, {"model": "contact_box.person", "pk": 14, "fields": {"name": "Kevin", "last_name": "James", "description": "Happen instead within bag team let. First house song wrong.\nPicture method see church company floor may. Another member worry avoid ever theory senior. Teach white something score.", "address": 2}}, {"model": "contact_box.person", "pk": 15, "fields": {"name": "Justin", "last_name": "Taylor", "description": "Human throughout off I Mrs resource environmental. End almost course popular know toward.\nOften center than. Church open position pressure player six unit.", "address": 12}}, {"model": "contact_box.person", "pk": 16, "fields": {"name": "James", "last_name": "Elliott", "description": "Improve develop peace organization bag. Way try deal owner. Daughter somebody issue apply.", "address": 16}}, {"model": "contact_box.person", "pk": 17, "fields": {"name": "William", "last_name": "Allen", "description": "Religious ball stock institution safe house box. End firm under do school service. Contain practice financial around itself.", "address": 9}}, {"model": "contact_box.person", "pk": 18, "fields": {"name": "Jennifer", "last_name": "Clay", "description": "Much three business during performance who financial public. Learn rise chance image defense seek. Different each career general believe.", "address": 12}}, {"model": "contact_box.person", "pk": 19, "fields": {"name": "Katie", "last_name": "Bradford", "description": "Television ahead if. Theory once rule wear south.\nTough wide common late.\nNext stop arm on. Down none wind suddenly.", "address": 14}}, {"model": "contact_box.person", "pk": 20, "fields": {"name": "Keith", "last_name": "Wade", "description": "Growth decade brother degree. Father heart feel actually receive. Rise follow next just over mission.", "address": 6}}, {"model": "contact_box.person", "pk": 21, "fields": {"name": "Paula", "last_name": "Ochoa", "description": "No win likely white. Audience quickly reason.\nPresident community it he or. Billion better create after can former.\nTry read quality seek notice star.", "address": 13}}, {"model": "contact_box.person", "pk": 22, "fields": {"name": "Angela", "last_name": "Bowen", "description": "Whose should PM report. International accept civil various war.\nUse realize president. American continue large picture leg. Modern seven go woman probably individual relate.", "address": 8}}, {"model": "contact_box.person", "pk": 23, "fields": {"name": "Christian", "last_name": "Hunt", "description": "Run section above range moment. Send town hold modern. Third glass wall performance practice.", "address": 20}}, {"model": "contact_box.person", "pk": 24, "fields": {"name": "Gabriella", "last_name": "Whitney", "description": "Interview source vote often professional whatever might newspaper. Property single key identify do later. Mouth address why minute court sell party still.", "address": 19}}, {"model": "contact_box.person", "pk": 25, "fields": {"name": "Olivia", "last_name": "Robinson", "description": "Conference head if care surface mouth southern personal. Week statement condition local some.\nDecision bill young. Fly song rule head seven already big. Different country win customer simple eat.", "address": 23}}, {"model": "contact_box.person", "pk": 26, "fields": {"name": "Stacey", "last_name": "Dixon", "description": "Understand note huge her have. Plan respond glass notice step nearly. Sort open race case several religious.", "address": 14}}, {"model": "contact_box.person", "pk": 27, "fields": {"name": "Zachary", "last_name": "Miller", "description": "Direction their culture think American. Medical enter would situation nor kid people.\nMiss dog after. Sport act expert draw court.\nActually response if prepare letter. Military suddenly wrong spend.", "address": 19}}, {"model": "contact_box.person", "pk": 28, "fields": {"name": "Heather", "last_name": "Phillips", "description": "Federal line as study five.\nRest require out only whose them down at. Whatever create sure pay. Seven face always wear response thus. Arrive adult benefit available paper.", "address": 14}}, {"model": "contact_box.person", "pk": 29, "fields": {"name": "Kenneth", "last_name": "Smith", "description": "Ok organization have. Participant trial actually in any manager.\nAgo red need light. People minute performance according war deal.", "address": 18}}, {"model": "contact_box.person", "pk": 30, "fields": {"name": "Andrew", "last_name": "Hood", "description": "Issue join middle machine later he yes. List low down set question. Very turn water exist.", "address": 18}}, {"model": "contact_box.address", "pk": 1, "fields": {"city": "Johnsonview", "street": "Morgan Hills", "home_number": 769, "flat_number": 91}}, {"model": "contact_box.address", "pk": 2, "fields": {"city": "West Alyssastad", "street": "Douglas Port", "home_number": 804, "flat_number": 69}}, {"model": "contact_box.address", "pk": 3, "fields": {"city": "South Andrewfurt", "street": "Richard Mission", "home_number": 246, "flat_number": 75}}, {"model": "contact_box.address", "pk": 4, "fields": {"city": "South Steven", "street": "Christine Burgs", "home_number": 736, "flat_number": 19}}, {"model": "contact_box.address", "pk": 5, "fields": {"city": "Porterton", "street": "Christian Flat", "home_number": 975, "flat_number": 45}}, {"model": "contact_box.address", "pk": 6, "fields": {"city": "Lake Jessica", "street": "Kenneth Square", "home_number": 197, "flat_number": 73}}, {"model": "contact_box.address", "pk": 7, "fields": {"city": "Sethmouth", "street": "Manning Turnpike", "home_number": 160, "flat_number": 22}}, {"model": "contact_box.address", "pk": 8, "fields": {"city": "North Oliviamouth", "street": "Kevin Hill", "home_number": 193, "flat_number": 65}}, {"model": "contact_box.address", "pk": 9, "fields": {"city": "Sharonfort", "street": "Mitchell Radial", "home_number": 284, "flat_number": 78}}, {"model": "contact_box.address", "pk": 10, "fields": {"city": "Jonesbury", "street": "Jones Union", "home_number": 129, "flat_number": 31}}, {"model": "contact_box.address", "pk": 11, "fields": {"city": "Lake James", "street": "Michael Orchard", "home_number": 582, "flat_number": 90}}, {"model": "contact_box.address", "pk": 12, "fields": {"city": "East Harold", "street": "Seth Fork", "home_number": 38, "flat_number": 80}}, {"model": "contact_box.address", "pk": 13, "fields": {"city": "Johnsonmouth", "street": "Valenzuela Street", "home_number": 203, "flat_number": 94}}, {"model": "contact_box.address", "pk": 14, "fields": {"city": "Richardsonfurt", "street": "Medina Landing", "home_number": 213, "flat_number": 36}}, {"model": "contact_box.address", "pk": 15, "fields": {"city": "New Tammyview", "street": "Myers Motorway", "home_number": 931, "flat_number": 20}}, {"model": "contact_box.address", "pk": 16, "fields": {"city": "Lake Mark", "street": "Cynthia Lane", "home_number": 3, "flat_number": 5}}, {"model": "contact_box.address", "pk": 17, "fields": {"city": "Suttonport", "street": "Michelle Place", "home_number": 798, "flat_number": 35}}, {"model": "contact_box.address", "pk": 18, "fields": {"city": "Michellebury", "street": "Tina Canyon", "home_number": 833, "flat_number": 31}}, {"model": "contact_box.address", "pk": 19, "fields": {"city": "North Zacharybury", "street": "Mejia Club", "home_number": 925, "flat_number": 41}}, {"model": "contact_box.address", "pk": 20, "fields": {"city": "Joyceton", "street": "West Spurs", "home_number": 837, "flat_number": 77}}, {"model": "contact_box.address", "pk": 21, "fields": {"city": "New Kaylamouth", "street": "Weeks Mountain", "home_number": 518, "flat_number": 9}}, {"model": "contact_box.address", "pk": 22, "fields": {"city": "South Brittany", "street": "Gregory Flat", "home_number": 337, "flat_number": 33}}, {"model": "contact_box.address", "pk": 23, "fields": {"city": "Tonyfurt", "street": "Jackson Terrace", "home_number": 958, "flat_number": 28}}, {"model": "contact_box.phonenumber", "pk": 1, "fields": {"person": 5, "phone_number": 1851453423, "type": 2}}, {"model": "contact_box.phonenumber", "pk": 2, "fields": {"person": 28, "phone_number": 91958954, "type": 2}}, {"model": "contact_box.phonenumber", "pk": 3, "fields": {"person": 22, "phone_number": 194743101, "type": 2}}, {"model": "contact_box.phonenumber", "pk": 4, "fields": {"person": 8, "phone_number": 609244825, "type": 1}}, {"model": "contact_box.phonenumber", "pk": 5, "fields": {"person": 27, "phone_number": 1086909097, "type": 1}}, {"model": "contact_box.phonenumber", "pk": 6, "fields": {"person": 12, "phone_number": 1929610300, "type": 1}}, {"model": "contact_box.phonenumber", "pk": 7, "fields": {"person": 18, "phone_number": 1915175267, "type": 2}}, {"model": "contact_box.phonenumber", "pk": 8, "fields": {"person": 21, "phone_number": 137395469, "type": 1}}, {"model": "contact_box.phonenumber", "pk": 9, "fields": {"person": 22, "phone_number": 1872702716, "type": 0}}, {"model": "contact_box.phonenumber", "pk": 10, "fields": {"person": 6, "phone_number": 1498932118, "type": 2}}, {"model": "contact_box.phonenumber", "pk": 11, "fields": {"person": 26, "phone_number": 730942724, "type": 1}}, {"model": "contact_box.phonenumber", "pk": 12, "fields": {"person": 27, "phone_number": 1336748737, "type": 1}}, {"model": "contact_box.phonenumber", "pk": 13, "fields": {"person": 25, "phone_number": 1539343049, "type": 0}}, {"model": "contact_box.phonenumber", "pk": 14, "fields": {"person": 15, "phone_number": 848974026, "type": 0}}, {"model": "contact_box.phonenumber", "pk": 15, "fields": {"person": 7, "phone_number": 349182965, "type": 2}}, {"model": "contact_box.phonenumber", "pk": 16, "fields": {"person": 17, "phone_number": 999975404, "type": 0}}, {"model": "contact_box.phonenumber", "pk": 17, "fields": {"person": 16, "phone_number": 1935849107, "type": 0}}, {"model": "contact_box.phonenumber", "pk": 18, "fields": {"person": 13, "phone_number": 1689321776, "type": 1}}, {"model": "contact_box.phonenumber", "pk": 19, "fields": {"person": 22, "phone_number": 690858728, "type": 1}}, {"model": "contact_box.phonenumber", "pk": 20, "fields": {"person": 24, "phone_number": 864155654, "type": 0}}, {"model": "contact_box.phonenumber", "pk": 21, "fields": {"person": 13, "phone_number": 1555328970, "type": 1}}, {"model": "contact_box.phonenumber", "pk": 22, "fields": {"person": 26, "phone_number": 714281514, "type": 2}}, {"model": "contact_box.phonenumber", "pk": 23, "fields": {"person": 30, "phone_number": 330685694, "type": 1}}, {"model": "contact_box.email", "pk": 1, "fields": {"person": 27, "email_address": "williamprice@white.com", "type": 1}}, {"model": "contact_box.email", "pk": 2, "fields": {"person": 30, "email_address": "anthonyhensley@johnson-phillips.com", "type": 1}}, {"model": "contact_box.email", "pk": 3, "fields": {"person": 12, "email_address": "lawrenceroy@gmail.com", "type": 0}}, {"model": "contact_box.email", "pk": 4, "fields": {"person": 20, "email_address": "theresa90@hudson.com", "type": 1}}, {"model": "contact_box.email", "pk": 5, "fields": {"person": 9, "email_address": "thomasdale@lambert.com", "type": 1}}, {"model": "contact_box.email", "pk": 6, "fields": {"person": 22, "email_address": "tyler64@yahoo.com", "type": 1}}, {"model": "contact_box.email", "pk": 7, "fields": {"person": 26, "email_address": "alexandraflynn@gmail.com", "type": 0}}, {"model": "contact_box.email", "pk": 8, "fields": {"person": 25, "email_address": "owenslori@hotmail.com", "type": 0}}, {"model": "contact_box.email", "pk": 9, "fields": {"person": 17, "email_address": "joel44@perez.net", "type": 1}}, {"model": "contact_box.email", "pk": 10, "fields": {"person": 12, "email_address": "michael23@gmail.com", "type": 1}}, {"model": "contact_box.email", "pk": 11, "fields": {"person": 6, "email_address": "joshua56@hotmail.com", "type": 0}}, {"model": "contact_box.email", "pk": 12, "fields": {"person": 19, "email_address": "wrightalyssa@bryant.com", "type": 1}}, {"model": "contact_box.email", "pk": 13, "fields": {"person": 23, "email_address": "daniel84@yahoo.com", "type": 1}}, {"model": "contact_box.email", "pk": 14, "fields": {"person": 23, "email_address": "wpope@hotmail.com", "type": 0}}, {"model": "contact_box.email", "pk": 15, "fields": {"person": 5, "email_address": "tnovak@todd-harris.com", "type": 0}}, {"model": "contact_box.email", "pk": 16, "fields": {"person": 14, "email_address": "kellygerald@keith-baker.com", "type": 1}}, {"model": "contact_box.email", "pk": 17, "fields": {"person": 2, "email_address": "christinerogers@yahoo.com", "type": 0}}, {"model": "contact_box.email", "pk": 18, "fields": {"person": 6, "email_address": "joseph76@cox-davis.com", "type": 0}}, {"model": "contact_box.email", "pk": 19, "fields": {"person": 28, "email_address": "christopheredwards@park.info", "type": 1}}, {"model": "contact_box.email", "pk": 20, "fields": {"person": 18, "email_address": "bautistamonica@yahoo.com", "type": 1}}, {"model": "contact_box.email", "pk": 21, "fields": {"person": 19, "email_address": "michellewilkinson@johnson.org", "type": 0}}, {"model": "contact_box.email", "pk": 22, "fields": {"person": 24, "email_address": "norrisdavid@ortiz-huffman.info", "type": 0}}, {"model": "contact_box.email", "pk": 23, "fields": {"person": 11, "email_address": "beth63@hernandez.com", "type": 1}}, {"model": "contact_box.group", "pk": 1, "fields": {"name": "Snow", "person": [16, 22, 3, 7, 1, 29, 21, 26, 24, 2, 4, 5, 6, 8, 9, 10, 11, 12, 13, 14, 15, 17, 18, 19, 20, 23, 25, 27, 28, 30]}}, {"model": "contact_box.group", "pk": 2, "fields": {"name": "DarkOliveGreen", "person": [16, 22, 1, 29, 26, 24, 4, 5, 8, 9, 10, 13, 15, 18, 19, 23, 25, 28, 30, 2, 6, 11, 3, 21, 7, 12, 27]}}, {"model": "contact_box.group", "pk": 3, "fields": {"name": "MediumTurquoise", "person": [21, 8, 14, 15, 17, 18, 23, 27, 28, 30, 29, 26, 9, 13, 20, 6, 19, 22, 10, 4, 25, 7, 24, 12]}}, {"model": "contact_box.group", "pk": 4, "fields": {"name": "SlateBlue", "person": [22, 24, 5, 6, 12, 14, 15, 3, 4, 8, 11, 13, 18, 23, 27, 21, 2, 9, 19, 26, 10, 30, 20]}}, {"model": "contact_box.group", "pk": 5, "fields": {"name": "Violet", "person": [22, 24, 5, 10, 12, 25, 29, 4, 6, 11, 13, 16, 7, 1, 18, 23, 9, 20, 19]}}, {"model": "contact_box.group", "pk": 6, "fields": {"name": "SkyBlue", "person": [16, 22, 3, 24, 2, 5, 8, 13, 14, 17, 18, 20, 30]}}, {"model": "contact_box.group", "pk": 7, "fields": {"name": "Wheat", "person": [16, 3, 21, 26, 6, 8, 13, 15, 20, 27]}}, {"model": "contact_box.group", "pk": 8, "fields": {"name": "OrangeRed", "person": [16, 22, 1, 29, 26, 2, 17, 18, 19, 23, 28]}}, {"model": "contact_box.group", "pk": 9, "fields": {"name": "BlanchedAlmond", "person": [7, 2, 4, 15, 30]}}, {"model": "contact_box.group", "pk": 10, "fields": {"name": "SandyBrown", "person": [3, 1, 21, 4, 9]}}, {"model": "auth.permission", "pk": 1, "fields": {"name": "Can add cors model", "content_type": 1, "codename": "add_corsmodel"}}, {"model": "auth.permission", "pk": 2, "fields": {"name": "Can change cors model", "content_type": 1, "codename": "change_corsmodel"}}, {"model": "auth.permission", "pk": 3, "fields": {"name": "Can delete cors model", "content_type": 1, "codename": "delete_corsmodel"}}, {"model": "auth.permission", "pk": 4, "fields": {"name": "Can view cors model", "content_type": 1, "codename": "view_corsmodel"}}, {"model": "auth.permission", "pk": 5, "fields": {"name": "Can add log entry", "content_type": 2, "codename": "add_logentry"}}, {"model": "auth.permission", "pk": 6, "fields": {"name": "Can change log entry", "content_type": 2, "codename": "change_logentry"}}, {"model": "auth.permission", "pk": 7, "fields": {"name": "Can delete log entry", "content_type": 2, "codename": "delete_logentry"}}, {"model": "auth.permission", "pk": 8, "fields": {"name": "Can view log entry", "content_type": 2, "codename": "view_logentry"}}, {"model": "auth.permission", "pk": 9, "fields": {"name": "Can add permission", "content_type": 3, "codename": "add_permission"}}, {"model": "auth.permission", "pk": 10, "fields": {"name": "Can change permission", "content_type": 3, "codename": "change_permission"}}, {"model": "auth.permission", "pk": 11, "fields": {"name": "Can delete permission", "content_type": 3, "codename": "delete_permission"}}, {"model": "auth.permission", "pk": 12, "fields": {"name": "Can view permission", "content_type": 3, "codename": "view_permission"}}, {"model": "auth.permission", "pk": 13, "fields": {"name": "Can add group", "content_type": 4, "codename": "add_group"}}, {"model": "auth.permission", "pk": 14, "fields": {"name": "Can change group", "content_type": 4, "codename": "change_group"}}, {"model": "auth.permission", "pk": 15, "fields": {"name": "Can delete group", "content_type": 4, "codename": "delete_group"}}, {"model": "auth.permission", "pk": 16, "fields": {"name": "Can view group", "content_type": 4, "codename": "view_group"}}, {"model": "auth.permission", "pk": 17, "fields": {"name": "Can add user", "content_type": 5, "codename": "add_user"}}, {"model": "auth.permission", "pk": 18, "fields": {"name": "Can change user", "content_type": 5, "codename": "change_user"}}, {"model": "auth.permission", "pk": 19, "fields": {"name": "Can delete user", "content_type": 5, "codename": "delete_user"}}, {"model": "auth.permission", "pk": 20, "fields": {"name": "Can view user", "content_type": 5, "codename": "view_user"}}, {"model": "auth.permission", "pk": 21, "fields": {"name": "Can add content type", "content_type": 6, "codename": "add_contenttype"}}, {"model": "auth.permission", "pk": 22, "fields": {"name": "Can change content type", "content_type": 6, "codename": "change_contenttype"}}, {"model": "auth.permission", "pk": 23, "fields": {"name": "Can delete content type", "content_type": 6, "codename": "delete_contenttype"}}, {"model": "auth.permission", "pk": 24, "fields": {"name": "Can view content type", "content_type": 6, "codename": "view_contenttype"}}, {"model": "auth.permission", "pk": 25, "fields": {"name": "Can add session", "content_type": 7, "codename": "add_session"}}, {"model": "auth.permission", "pk": 26, "fields": {"name": "Can change session", "content_type": 7, "codename": "change_session"}}, {"model": "auth.permission", "pk": 27, "fields": {"name": "Can delete session", "content_type": 7, "codename": "delete_session"}}, {"model": "auth.permission", "pk": 28, "fields": {"name": "Can view session", "content_type": 7, "codename": "view_session"}}, {"model": "auth.permission", "pk": 29, "fields": {"name": "Can add room", "content_type": 8, "codename": "add_room"}}, {"model": "auth.permission", "pk": 30, "fields": {"name": "Can change room", "content_type": 8, "codename": "change_room"}}, {"model": "auth.permission", "pk": 31, "fields": {"name": "Can delete room", "content_type": 8, "codename": "delete_room"}}, {"model": "auth.permission", "pk": 32, "fields": {"name": "Can view room", "content_type": 8, "codename": "view_room"}}, {"model": "auth.permission", "pk": 33, "fields": {"name": "Can add reservation", "content_type": 9, "codename": "add_reservation"}}, {"model": "auth.permission", "pk": 34, "fields": {"name": "Can change reservation", "content_type": 9, "codename": "change_reservation"}}, {"model": "auth.permission", "pk": 35, "fields": {"name": "Can delete reservation", "content_type": 9, "codename": "delete_reservation"}}, {"model": "auth.permission", "pk": 36, "fields": {"name": "Can view reservation", "content_type": 9, "codename": "view_reservation"}}, {"model": "auth.permission", "pk": 37, "fields": {"name": "Can add person", "content_type": 10, "codename": "add_person"}}, {"model": "auth.permission", "pk": 38, "fields": {"name": "Can change person", "content_type": 10, "codename": "change_person"}}, {"model": "auth.permission", "pk": 39, "fields": {"name": "Can delete person", "content_type": 10, "codename": "delete_person"}}, {"model": "auth.permission", "pk": 40, "fields": {"name": "Can view person", "content_type": 10, "codename": "view_person"}}, {"model": "auth.permission", "pk": 41, "fields": {"name": "Can add address", "content_type": 11, "codename": "add_address"}}, {"model": "auth.permission", "pk": 42, "fields": {"name": "Can change address", "content_type": 11, "codename": "change_address"}}, {"model": "auth.permission", "pk": 43, "fields": {"name": "Can delete address", "content_type": 11, "codename": "delete_address"}}, {"model": "auth.permission", "pk": 44, "fields": {"name": "Can view address", "content_type": 11, "codename": "view_address"}}, {"model": "auth.permission", "pk": 45, "fields": {"name": "Can add phone number", "content_type": 12, "codename": "add_phonenumber"}}, {"model": "auth.permission", "pk": 46, "fields": {"name": "Can change phone number", "content_type": 12, "codename": "change_phonenumber"}}, {"model": "auth.permission", "pk": 47, "fields": {"name": "Can delete phone number", "content_type": 12, "codename": "delete_phonenumber"}}, {"model": "auth.permission", "pk": 48, "fields": {"name": "Can view phone number", "content_type": 12, "codename": "view_phonenumber"}}, {"model": "auth.permission", "pk": 49, "fields": {"name": "Can add email", "content_type": 13, "codename": "add_email"}}, {"model": "auth.permission", "pk": 50, "fields": {"name": "Can change email", "content_type": 13, "codename": "change_email"}}, {"model": "auth.permission", "pk": 51, "fields": {"name": "Can delete email", "content_type": 13, "codename": "delete_email"}}, {"model": "auth.permission", "pk": 52, "fields": {"name": "Can view email", "content_type": 13, "codename": "view_email"}}, {"model": "auth.permission", "pk": 53, "fields": {"name": "Can add group", "content_type": 14, "codename": "add_group"}}, {"model": "auth.permission", "pk": 54, "fields": {"name": "Can change group", "content_type": 14, "codename": "change_group"}}, {"model": "auth.permission", "pk": 55, "fields": {"name": "Can delete group", "content_type": 14, "codename": "delete_group"}}, {"model": "auth.permission", "pk": 56, "fields": {"name": "Can view group", "content_type": 14, "codename": "view_group"}}]